[{"pk": 1, "model": "ControlAsistencia.provincia", "fields": {"nombre": "Alicante/Alacant"}}, {"pk": 2, "model": "ControlAsistencia.provincia", "fields": {"nombre": "Almer\u00eda"}}, {"pk": 3, "model": "ControlAsistencia.provincia", "fields": {"nombre": "Araba/\u00c1lava"}}, {"pk": 4, "model": "ControlAsistencia.provincia", "fields": {"nombre": "Asturias"}}, {"pk": 5, "model": "ControlAsistencia.provincia", "fields": {"nombre": "\u00c1vila"}}, {"pk": 6, "model": "ControlAsistencia.provincia", "fields": {"nombre": "Badajoz"}}, {"pk": 7, "model": "ControlAsistencia.provincia", "fields": {"nombre": "Balears, Illes"}}, {"pk": 8, "model": "ControlAsistencia.provincia", "fields": {"nombre": "Barcelona"}}, {"pk": 9, "model": "ControlAsistencia.provincia", "fields": {"nombre": "Bizkaia"}}, {"pk": 10, "model": "ControlAsistencia.provincia", "fields": {"nombre": "Burgos"}}, {"pk": 11, "model": "ControlAsistencia.provincia", "fields": {"nombre": "C\u00e1ceres"}}, {"pk": 12, "model": "ControlAsistencia.provincia", "fields": {"nombre": "C\u00e1diz"}}, {"pk": 13, "model": "ControlAsistencia.provincia", "fields": {"nombre": "Cantabria"}}, {"pk": 14, "model": "ControlAsistencia.provincia", "fields": {"nombre": "Castell\u00f3n/Castell\u00f3"}}, {"pk": 15, "model": "ControlAsistencia.provincia", "fields": {"nombre": "Ciudad Real"}}, {"pk": 16, "model": "ControlAsistencia.provincia", "fields": {"nombre": "C\u00f3rdoba"}}, {"pk": 17, "model": "ControlAsistencia.provincia", "fields": {"nombre": "Coru\u00f1a, A"}}, {"pk": 18, "model": "ControlAsistencia.provincia", "fields": {"nombre": "Cuenca"}}, {"pk": 19, "model": "ControlAsistencia.provincia", "fields": {"nombre": "Gipuzkoa"}}, {"pk": 20, "model": "ControlAsistencia.provincia", "fields": {"nombre": "Girona"}}, {"pk": 21, "model": "ControlAsistencia.provincia", "fields": {"nombre": "Granada"}}, {"pk": 22, "model": "ControlAsistencia.provincia", "fields": {"nombre": "Guadalajara"}}, {"pk": 23, "model": "ControlAsistencia.provincia", "fields": {"nombre": "Huelva"}}, {"pk": 24, "model": "ControlAsistencia.provincia", "fields": {"nombre": "Huesca"}}, {"pk": 25, "model": "ControlAsistencia.provincia", "fields": {"nombre": "Ja\u00e9n"}}, {"pk": 26, "model": "ControlAsistencia.provincia", "fields": {"nombre": "Le\u00f3n"}}, {"pk": 27, "model": "ControlAsistencia.provincia", "fields": {"nombre": "Lleida"}}, {"pk": 28, "model": "ControlAsistencia.provincia", "fields": {"nombre": "Lugo"}}, {"pk": 29, "model": "ControlAsistencia.provincia", "fields": {"nombre": "Madrid"}}, {"pk": 30, "model": "ControlAsistencia.provincia", "fields": {"nombre": "M\u00e1laga"}}, {"pk": 31, "model": "ControlAsistencia.provincia", "fields": {"nombre": "Murcia"}}, {"pk": 32, "model": "ControlAsistencia.provincia", "fields": {"nombre": "Navarra"}}, {"pk": 33, "model": "ControlAsistencia.provincia", "fields": {"nombre": "Ourense"}}, {"pk": 34, "model": "ControlAsistencia.provincia", "fields": {"nombre": "Palencia"}}, {"pk": 35, "model": "ControlAsistencia.provincia", "fields": {"nombre": "Palmas, Las"}}, {"pk": 36, "model": "ControlAsistencia.provincia", "fields": {"nombre": "Pontevedra"}}, {"pk": 37, "model": "ControlAsistencia.provincia", "fields": {"nombre": "Rioja, La"}}, {"pk": 38, "model": "ControlAsistencia.provincia", "fields": {"nombre": "Salamanca"}}, {"pk": 39, "model": "ControlAsistencia.provincia", "fields": {"nombre": "Santa Cruz de Tenerife"}}, {"pk": 40, "model": "ControlAsistencia.provincia", "fields": {"nombre": "Segovia"}}, {"pk": 41, "model": "ControlAsistencia.provincia", "fields": {"nombre": "Sevilla"}}, {"pk": 42, "model": "ControlAsistencia.provincia", "fields": {"nombre": "Soria"}}, {"pk": 43, "model": "ControlAsistencia.provincia", "fields": {"nombre": "Tarragona"}}, {"pk": 44, "model": "ControlAsistencia.provincia", "fields": {"nombre": "Teruel"}}, {"pk": 45, "model": "ControlAsistencia.provincia", "fields": {"nombre": "Toledo"}}, {"pk": 46, "model": "ControlAsistencia.provincia", "fields": {"nombre": "Valencia/Val\u00e9ncia"}}, {"pk": 47, "model": "ControlAsistencia.provincia", "fields": {"nombre": "Valladolid"}}, {"pk": 48, "model": "ControlAsistencia.provincia", "fields": {"nombre": "Zamora"}}, {"pk": 49, "model": "ControlAsistencia.provincia", "fields": {"nombre": "Zaragoza"}}, {"pk": 50, "model": "ControlAsistencia.provincia", "fields": {"nombre": "Ceuta"}}, {"pk": 51, "model": "ControlAsistencia.provincia", "fields": {"nombre": "Melilla"}}, {"pk": 1, "model": "ControlAsistencia.comunidadautonoma", "fields": {"nombre": "Compostela"}}, {"pk": 1, "model": "ControlAsistencia.direccion", "fields": {"piso": "1", "casa": "", "comunidad": 1, "calle1": "", "calle2": "", "ciudad": "", "numero": "", "edificio": "Central", "departamento": "", "pais": "AO", "codigoPostal": "", "provincia": 6}}, {"pk": 1, "model": "ControlAsistencia.telefono", "fields": {"tipo": "Oficina", "numero": "6476574"}}, {"pk": 2, "model": "ControlAsistencia.telefono", "fields": {"tipo": "Casa", "numero": "7485876"}}, {"pk": 3, "model": "ControlAsistencia.telefono", "fields": {"tipo": "Oficina", "numero": "675676575"}}, {"pk": 4, "model": "ControlAsistencia.telefono", "fields": {"tipo": "Oficina", "numero": "675676575"}}, {"pk": 5, "model": "ControlAsistencia.telefono", "fields": {"tipo": "Oficina", "numero": "54767"}}, {"pk": 6, "model": "ControlAsistencia.telefono", "fields": {"tipo": "Oficina", "numero": "675676575"}}, {"pk": 7, "model": "ControlAsistencia.telefono", "fields": {"tipo": "Casa", "numero": "6767657456"}}, {"pk": 8, "model": "ControlAsistencia.telefono", "fields": {"tipo": "Oficina", "numero": "675676575"}}, {"pk": 9, "model": "ControlAsistencia.telefono", "fields": {"tipo": "Oficina", "numero": "675676575"}}, {"pk": 10, "model": "ControlAsistencia.telefono", "fields": {"tipo": "Casa", "numero": "565346456"}}, {"pk": 11, "model": "ControlAsistencia.telefono", "fields": {"tipo": "Oficina", "numero": "675676575"}}, {"pk": 12, "model": "ControlAsistencia.telefono", "fields": {"tipo": "Oficina", "numero": "675676575"}}, {"pk": 13, "model": "ControlAsistencia.telefono", "fields": {"tipo": "Casa", "numero": "45654654"}}, {"pk": 14, "model": "ControlAsistencia.telefono", "fields": {"tipo": "Oficina", "numero": "675676575"}}, {"pk": 15, "model": "ControlAsistencia.telefono", "fields": {"tipo": "Oficina", "numero": "675676575"}}, {"pk": 16, "model": "ControlAsistencia.telefono", "fields": {"tipo": "Oficina", "numero": "678567875"}}, {"pk": 17, "model": "ControlAsistencia.telefono", "fields": {"tipo": "Casa", "numero": "675676575"}}, {"pk": 18, "model": "ControlAsistencia.telefono", "fields": {"tipo": "Oficina", "numero": "73467675848"}}, {"pk": 19, "model": "ControlAsistencia.telefono", "fields": {"tipo": "Oficina", "numero": "451454235"}}, {"pk": 20, "model": "ControlAsistencia.telefono", "fields": {"tipo": "Oficina", "numero": "657548768956"}}, {"pk": 1, "model": "ControlAsistencia.persona", "fields": {"foto": "", "nacionalidad": "BH", "apellido": "Andrade", "dni": "245435325", "direccion": 1, "apellido2": "Suarez", "nombre": "Pedro", "sexo": "Masculino", "telefono": 1, "email": "werqwesd@dsa.com"}}, {"pk": 2, "model": "ControlAsistencia.persona", "fields": {"foto": "", "nacionalidad": "BH", "apellido": "Desea", "dni": "5645645", "direccion": 1, "apellido2": "Mucho", "nombre": "Artemia", "sexo": "Femenino", "telefono": 1, "email": "werqwesd@dsa.com"}}, {"pk": 3, "model": "ControlAsistencia.persona", "fields": {"foto": "", "nacionalidad": "BH", "apellido": "Marmol", "dni": "67575675", "direccion": 1, "apellido2": "Traca", "nombre": "Mario", "sexo": "Masculino", "telefono": 1, "email": "adfda@sdffds.org"}}, {"pk": 4, "model": "ControlAsistencia.persona", "fields": {"foto": "", "nacionalidad": "BD", "apellido": "Gre", "dni": "4634563", "direccion": 1, "apellido2": "Greta", "nombre": "Fernando", "sexo": "Masculino", "telefono": 2, "email": "tew@Dqas.com"}}, {"pk": 5, "model": "ControlAsistencia.persona", "fields": {"foto": "", "nacionalidad": "DZ", "apellido": "Laserna", "dni": "5435435", "direccion": 1, "apellido2": "Tara", "nombre": "Mario", "sexo": "Masculino", "telefono": 3, "email": "joj@hsia.com"}}, {"pk": 6, "model": "ControlAsistencia.persona", "fields": {"foto": "", "nacionalidad": "BH", "apellido": "Andrade", "dni": "245435325", "direccion": 1, "apellido2": "Suarez", "nombre": "Pedro", "sexo": "Masculino", "telefono": 1, "email": "werqwesd@dsa.com"}}, {"pk": 7, "model": "ControlAsistencia.persona", "fields": {"foto": "", "nacionalidad": "BH", "apellido": "Marmol", "dni": "67575675", "direccion": 1, "apellido2": "Traca", "nombre": "Pedro", "sexo": "Masculino", "telefono": 1, "email": "adfda@sdffds.org"}}, {"pk": 8, "model": "ControlAsistencia.persona", "fields": {"foto": "", "nacionalidad": "BD", "apellido": "Escorpo", "dni": "4634563", "direccion": 1, "apellido2": "Suarez", "nombre": "Carlos", "sexo": "Masculino", "telefono": 2, "email": "tew@Dqas.com"}}, {"pk": 9, "model": "ControlAsistencia.persona", "fields": {"foto": "", "nacionalidad": "DZ", "apellido": "Refre", "dni": "5435435", "direccion": 1, "apellido2": "Tara", "nombre": "Mario", "sexo": "Masculino", "telefono": 3, "email": "joj@hsia.com"}}, {"pk": 10, "model": "ControlAsistencia.persona", "fields": {"foto": "", "nacionalidad": "BD", "apellido": "Cespedes", "dni": "4634563", "direccion": 1, "apellido2": "Greta", "nombre": "Reginald", "sexo": "Masculino", "telefono": 2, "email": "tew@Dqas.com"}}, {"pk": 11, "model": "ControlAsistencia.persona", "fields": {"foto": "", "nacionalidad": "BD", "apellido": "Bretas", "dni": "4634563", "direccion": 1, "apellido2": "Traca", "nombre": "Jose", "sexo": "Masculino", "telefono": 2, "email": "tew@Dqas.com"}}, {"pk": 12, "model": "ControlAsistencia.persona", "fields": {"foto": "", "nacionalidad": "BD", "apellido": "kierg", "dni": "4634563", "direccion": 1, "apellido2": "Suarez", "nombre": "Francisco", "sexo": "Masculino", "telefono": 2, "email": "tew@Dqas.com"}}, {"pk": 13, "model": "ControlAsistencia.persona", "fields": {"foto": "", "nacionalidad": "BD", "apellido": "Poncio", "dni": "4634563", "direccion": 1, "apellido2": "Greta", "nombre": "Maria", "sexo": "Masculino", "telefono": 2, "email": "tew@Dqas.com"}}, {"pk": 14, "model": "ControlAsistencia.persona", "fields": {"foto": "", "nacionalidad": "BD", "apellido": "Teria", "dni": "4634563", "direccion": 1, "apellido2": "Greta", "nombre": "Juana", "sexo": "Masculino", "telefono": 2, "email": "tew@Dqas.com"}}, {"pk": 15, "model": "ControlAsistencia.persona", "fields": {"foto": "", "nacionalidad": "BD", "apellido": "Greoka", "dni": "4634563", "direccion": 1, "apellido2": "Suarez", "nombre": "Cecilia", "sexo": "Masculino", "telefono": 2, "email": "tew@Dqas.com"}}, {"pk": 16, "model": "ControlAsistencia.persona", "fields": {"foto": "", "nacionalidad": "BD", "apellido": "pliade", "dni": "4634563", "direccion": 1, "apellido2": "Traca", "nombre": "Berta", "sexo": "Masculino", "telefono": 2, "email": "tew@Dqas.com"}}, {"pk": 17, "model": "ControlAsistencia.persona", "fields": {"foto": "", "nacionalidad": "BD", "apellido": "Ngerffd", "dni": "4634563", "direccion": 1, "apellido2": "Greta", "nombre": "Antonieta", "sexo": "Masculino", "telefono": 2, "email": "tew@Dqas.com"}}, {"pk": 18, "model": "ControlAsistencia.persona", "fields": {"foto": "", "nacionalidad": "BD", "apellido": "Tiobie", "dni": "4634563", "direccion": 1, "apellido2": "Andrade", "nombre": "Giorgina", "sexo": "Masculino", "telefono": 2, "email": "tew@Dqas.com"}}, {"pk": 19, "model": "ControlAsistencia.persona", "fields": {"foto": "", "nacionalidad": "BD", "apellido": "Grela", "dni": "4634563", "direccion": 1, "apellido2": "Greta", "nombre": "Laura", "sexo": "Masculino", "telefono": 2, "email": "tew@Dqas.com"}}, {"pk": 20, "model": "ControlAsistencia.persona", "fields": {"foto": "", "nacionalidad": "BD", "apellido": "opiae", "dni": "4634563", "direccion": 1, "apellido2": "Andrade", "nombre": "Mary", "sexo": "Masculino", "telefono": 2, "email": "tew@Dqas.com"}}, {"pk": 21, "model": "ControlAsistencia.persona", "fields": {"foto": "", "nacionalidad": "BD", "apellido": "Fernas", "dni": "4634563", "direccion": 1, "apellido2": "Greta", "nombre": "Claudia", "sexo": "Masculino", "telefono": 2, "email": "tew@Dqas.com"}}, {"pk": 1, "model": "ControlAsistencia.contacto", "fields": {}}, {"pk": 2, "model": "ControlAsistencia.contacto", "fields": {}}, {"pk": 5, "model": "ControlAsistencia.estudiantebase", "fields": {}}, {"pk": 6, "model": "ControlAsistencia.estudiantebase", "fields": {}}, {"pk": 7, "model": "ControlAsistencia.estudiantebase", "fields": {}}, {"pk": 8, "model": "ControlAsistencia.estudiantebase", "fields": {}}, {"pk": 9, "model": "ControlAsistencia.estudiantebase", "fields": {}}, {"pk": 10, "model": "ControlAsistencia.estudiantebase", "fields": {}}, {"pk": 11, "model": "ControlAsistencia.estudiantebase", "fields": {}}, {"pk": 12, "model": "ControlAsistencia.estudiantebase", "fields": {}}, {"pk": 13, "model": "ControlAsistencia.estudiantebase", "fields": {}}, {"pk": 14, "model": "ControlAsistencia.estudiantebase", "fields": {}}, {"pk": 1, "model": "ControlAsistencia.tipomenu", "fields": {"nombre": "Desayuno"}}, {"pk": 2, "model": "ControlAsistencia.tipomenu", "fields": {"nombre": "Almuerzo"}}, {"pk": 1, "model": "ControlAsistencia.menu", "fields": {"nombre": "Desayuno", "tipo": 1, "costo": "10"}}, {"pk": 2, "model": "ControlAsistencia.menu", "fields": {"nombre": "Almuerzo", "tipo": 2, "costo": "20"}}, {"pk": 1, "model": "ControlAsistencia.banco", "fields": {"fp": "", "telefono": 2, "codigoOficina": "", "bic": "", "iban": "", "nombre": "Victoiria", "codigo": "", "dc2": "", "dc1": ""}}, {"pk": 2, "model": "ControlAsistencia.banco", "fields": {"fp": "", "telefono": 3, "codigoOficina": "", "bic": "", "iban": "", "nombre": "Credito", "codigo": "", "dc2": "", "dc1": ""}}, {"pk": 3, "model": "ControlAsistencia.banco", "fields": {"fp": "", "telefono": 2, "codigoOficina": "", "bic": "", "iban": "", "nombre": "Hipotecario", "codigo": "", "dc2": "", "dc1": ""}}, {"pk": 4, "model": "ControlAsistencia.banco", "fields": {"fp": "", "telefono": 5, "codigoOficina": "", "bic": "", "iban": "", "nombre": "Central", "codigo": "", "dc2": "", "dc1": ""}}, {"pk": 5, "model": "ControlAsistencia.banco", "fields": {"fp": "", "telefono": 4, "codigoOficina": "", "bic": "", "iban": "", "nombre": "Popular", "codigo": "", "dc2": "", "dc1": ""}}, {"pk": 1, "model": "ControlAsistencia.cuentabanco", "fields": {"banco": 1, "numero": "AS32 3232 3232 3232 3223 3232"}}, {"pk": 1, "model": "ControlAsistencia.beca", "fields": {"monto": "2", "nombre": "BECA1 ALMUERZO"}}, {"pk": 2, "model": "ControlAsistencia.beca", "fields": {"monto": "1.5", "nombre": "BECA2 ALMUERZO"}}, {"pk": 3, "model": "ControlAsistencia.beca", "fields": {"monto": "1.8", "nombre": "BECA1 DESAYUNO"}}, {"pk": 4, "model": "ControlAsistencia.beca", "fields": {"monto": "0.8", "nombre": "BECA2 DESAYUNO"}}, {"pk": 1, "model": "ControlAsistencia.colegio", "fields": {"beca": [2], "precioDesayuno": "12", "telefono": 2, "direccion": 1, "director": 1, "responsable": 2, "precioComida": "12", "expediente": "2341324231", "nombre": "Fe y Alegria", "codigo": "24545432", "montoBeca": "12", "email": "werqwesd@dsa.it", "lote": "3245324534", "encargado": 1}}, {"pk": 2, "model": "ControlAsistencia.colegio", "fields": {"beca": [], "precioDesayuno": "12", "telefono": 2, "direccion": 1, "director": 1, "responsable": 2, "precioComida": "12", "expediente": "34234324", "nombre": "Fe y Alegria", "codigo": "24545432", "montoBeca": "12", "email": "werqwesd@dsa.it", "lote": "65757", "encargado": 1}}, {"pk": 3, "model": "ControlAsistencia.colegio", "fields": {"beca": [], "precioDesayuno": "12", "telefono": 2, "direccion": 1, "director": 1, "responsable": 2, "precioComida": "12", "expediente": "rtt35656", "nombre": "Fe y Alegria", "codigo": "24545432", "montoBeca": "12", "email": "werqwesd@dsa.it", "lote": "3245324534", "encargado": 1}}, {"pk": 4, "model": "ControlAsistencia.colegio", "fields": {"beca": [], "precioDesayuno": "12", "telefono": 2, "direccion": 1, "director": 1, "responsable": 2, "precioComida": "12", "expediente": "7657567", "nombre": "Fe y Alegria", "codigo": "24545432", "montoBeca": "12", "email": "werqwesd@dsa.it", "lote": "657657867", "encargado": 1}}, {"pk": 5, "model": "ControlAsistencia.colegio", "fields": {"beca": [], "precioDesayuno": "12", "telefono": 2, "direccion": 1, "director": 1, "responsable": 2, "precioComida": "12", "expediente": "87979789", "nombre": "Fe y Alegria", "codigo": "24545432", "montoBeca": "12", "email": "werqwesd@dsa.it", "lote": "6725423", "encargado": 1}}, {"pk": 6, "model": "ControlAsistencia.colegio", "fields": {"beca": [], "precioDesayuno": "12", "telefono": 2, "direccion": 1, "director": 1, "responsable": 2, "precioComida": "12", "expediente": "9042352432", "nombre": "Fe y Alegria", "codigo": "24545432", "montoBeca": "12", "email": "werqwesd@dsa.it", "lote": "657567", "encargado": 1}}, {"pk": 3, "model": "ControlAsistencia.tutor", "fields": {}}, {"pk": 4, "model": "ControlAsistencia.tutor", "fields": {}}, {"pk": 4, "model": "ControlAsistencia.pagador", "fields": {"cuenta": 1}}, {"pk": 1, "model": "ControlAsistencia.etapa", "fields": {"nombre": "Nivel Primario"}}, {"pk": 2, "model": "ControlAsistencia.etapa", "fields": {"nombre": "Nivel Secundario"}}, {"pk": 1, "model": "ControlAsistencia.curso", "fields": {"nombre": "EDUCACI\u00d3N INFANTIL Primer Ciclo", "etapa": 1, "nivel": 1}}, {"pk": 2, "model": "ControlAsistencia.curso", "fields": {"nombre": "EDUCACI\u00d3N INFANTIL Segundo Ciclo", "etapa": 1, "nivel": 2}}, {"pk": 3, "model": "ControlAsistencia.curso", "fields": {"nombre": "EDUCACI\u00d3N PRIMARIA 1\u00ba", "etapa": 1, "nivel": 3}}, {"pk": 4, "model": "ControlAsistencia.curso", "fields": {"nombre": "EDUCACI\u00d3N PRIMARIA 2\u00ba", "etapa": 1, "nivel": 4}}, {"pk": 5, "model": "ControlAsistencia.curso", "fields": {"nombre": "EDUCACI\u00d3N PRIMARIA 3\u00ba", "etapa": 1, "nivel": 5}}, {"pk": 6, "model": "ControlAsistencia.curso", "fields": {"nombre": "EDUCACI\u00d3N PRIMARIA 4\u00ba", "etapa": 1, "nivel": 6}}, {"pk": 7, "model": "ControlAsistencia.curso", "fields": {"nombre": "EDUCACI\u00d3N PRIMARIA 5\u00ba", "etapa": 1, "nivel": 7}}, {"pk": 8, "model": "ControlAsistencia.curso", "fields": {"nombre": "EDUCACI\u00d3N PRIMARIA 6\u00ba", "etapa": 1, "nivel": 8}}, {"pk": 9, "model": "ControlAsistencia.curso", "fields": {"nombre": "EDUCACI\u00d3N SECUNDARIA (E.S.O.) 1\u00ba", "etapa": 2, "nivel": 9}}, {"pk": 10, "model": "ControlAsistencia.curso", "fields": {"nombre": "EDUCACI\u00d3N SECUNDARIA (E.S.O.) 2\u00ba", "etapa": 2, "nivel": 10}}, {"pk": 11, "model": "ControlAsistencia.curso", "fields": {"nombre": "EDUCACI\u00d3N SECUNDARIA (E.S.O.) 3\u00ba", "etapa": 2, "nivel": 11}}, {"pk": 12, "model": "ControlAsistencia.curso", "fields": {"nombre": "EDUCACI\u00d3N SECUNDARIA (E.S.O.) 4\u00ba", "etapa": 2, "nivel": 12}}, {"pk": 5, "model": "ControlAsistencia.estudiante", "fields": {"nutricion": "", "curso": 3, "nacimiento": "1990-10-10", "tutor": 3, "pagador": 4, "dieta": "Basal", "colegio": 1}}, {"pk": 6, "model": "ControlAsistencia.estudiante", "fields": {"nutricion": "", "curso": 3, "nacimiento": "1999-02-02", "tutor": 4, "pagador": 4, "dieta": "Especial", "colegio": 1}}, {"pk": 7, "model": "ControlAsistencia.estudiante", "fields": {"nutricion": "", "curso": 3, "nacimiento": "1990-10-10", "tutor": 3, "pagador": 4, "dieta": "Basal", "colegio": 1}}, {"pk": 8, "model": "ControlAsistencia.estudiante", "fields": {"nutricion": "", "curso": 3, "nacimiento": "1990-10-10", "tutor": 3, "pagador": 4, "dieta": "Basal", "colegio": 1}}, {"pk": 9, "model": "ControlAsistencia.estudiante", "fields": {"nutricion": "", "curso": 3, "nacimiento": "1990-10-10", "tutor": 3, "pagador": 4, "dieta": "Basal", "colegio": 1}}, {"pk": 10, "model": "ControlAsistencia.estudiante", "fields": {"nutricion": "", "curso": 3, "nacimiento": "1990-10-10", "tutor": 4, "pagador": 4, "dieta": "Basal", "colegio": 1}}, {"pk": 11, "model": "ControlAsistencia.estudiante", "fields": {"nutricion": "", "curso": 3, "nacimiento": "1990-10-10", "tutor": 3, "pagador": 4, "dieta": "Especial", "colegio": 1}}, {"pk": 12, "model": "ControlAsistencia.estudiante", "fields": {"nutricion": "", "curso": 3, "nacimiento": "1990-10-10", "tutor": 3, "pagador": 4, "dieta": "Basal", "colegio": 1}}, {"pk": 1, "model": "ControlAsistencia.planasistencia", "fields": {"lunes": false, "sabado": false, "domingo": false, "fechaInicio": "2014-10-03T02:37:48.587Z", "miercoles": false, "jueves": false, "estudiante": 5, "tipoMenu": 1, "martes": false, "viernes": false}}, {"pk": 2, "model": "ControlAsistencia.planasistencia", "fields": {"lunes": false, "sabado": false, "domingo": false, "fechaInicio": "2014-10-03T02:37:48.588Z", "miercoles": false, "jueves": false, "estudiante": 5, "tipoMenu": 2, "martes": false, "viernes": false}}]