[{"pk": 1, "model": "contenttypes.contenttype", "fields": {"model": "permission", "name": "permission", "app_label": "auth"}}, {"pk": 2, "model": "contenttypes.contenttype", "fields": {"model": "group", "name": "group", "app_label": "auth"}}, {"pk": 3, "model": "contenttypes.contenttype", "fields": {"model": "user", "name": "user", "app_label": "auth"}}, {"pk": 4, "model": "contenttypes.contenttype", "fields": {"model": "contenttype", "name": "content type", "app_label": "contenttypes"}}, {"pk": 5, "model": "contenttypes.contenttype", "fields": {"model": "session", "name": "session", "app_label": "sessions"}}, {"pk": 6, "model": "contenttypes.contenttype", "fields": {"model": "logentry", "name": "log entry", "app_label": "admin"}}, {"pk": 7, "model": "contenttypes.contenttype", "fields": {"model": "site", "name": "site", "app_label": "sites"}}, {"pk": 8, "model": "contenttypes.contenttype", "fields": {"model": "provincia", "name": "provincia", "app_label": "ControlAsistencia"}}, {"pk": 9, "model": "contenttypes.contenttype", "fields": {"model": "comunidadautonoma", "name": "comunidad autonoma", "app_label": "ControlAsistencia"}}, {"pk": 10, "model": "contenttypes.contenttype", "fields": {"model": "direccion", "name": "Direcci\u00f3n", "app_label": "ControlAsistencia"}}, {"pk": 11, "model": "contenttypes.contenttype", "fields": {"model": "telefono", "name": "telefono", "app_label": "ControlAsistencia"}}, {"pk": 12, "model": "contenttypes.contenttype", "fields": {"model": "persona", "name": "persona", "app_label": "ControlAsistencia"}}, {"pk": 13, "model": "contenttypes.contenttype", "fields": {"model": "contacto", "name": "contacto", "app_label": "ControlAsistencia"}}, {"pk": 14, "model": "contenttypes.contenttype", "fields": {"model": "estudiantebase", "name": "estudiante base", "app_label": "ControlAsistencia"}}, {"pk": 15, "model": "contenttypes.contenttype", "fields": {"model": "tipomenu", "name": "Tipo de Menu", "app_label": "ControlAsistencia"}}, {"pk": 16, "model": "contenttypes.contenttype", "fields": {"model": "menu", "name": "menu", "app_label": "ControlAsistencia"}}, {"pk": 17, "model": "contenttypes.contenttype", "fields": {"model": "banco", "name": "banco", "app_label": "ControlAsistencia"}}, {"pk": 18, "model": "contenttypes.contenttype", "fields": {"model": "cuentabanco", "name": "cuenta banco", "app_label": "ControlAsistencia"}}, {"pk": 19, "model": "contenttypes.contenttype", "fields": {"model": "beca", "name": "beca", "app_label": "ControlAsistencia"}}, {"pk": 20, "model": "contenttypes.contenttype", "fields": {"model": "colegio", "name": "colegio", "app_label": "ControlAsistencia"}}, {"pk": 21, "model": "contenttypes.contenttype", "fields": {"model": "tutor", "name": "Tutor", "app_label": "ControlAsistencia"}}, {"pk": 22, "model": "contenttypes.contenttype", "fields": {"model": "pagador", "name": "pagador", "app_label": "ControlAsistencia"}}, {"pk": 23, "model": "contenttypes.contenttype", "fields": {"model": "etapa", "name": "etapa", "app_label": "ControlAsistencia"}}, {"pk": 24, "model": "contenttypes.contenttype", "fields": {"model": "curso", "name": "curso", "app_label": "ControlAsistencia"}}, {"pk": 25, "model": "contenttypes.contenttype", "fields": {"model": "estudiante", "name": "estudiante", "app_label": "ControlAsistencia"}}, {"pk": 26, "model": "contenttypes.contenttype", "fields": {"model": "documento", "name": "documento", "app_label": "ControlAsistencia"}}, {"pk": 27, "model": "contenttypes.contenttype", "fields": {"model": "pago", "name": "pago", "app_label": "ControlAsistencia"}}, {"pk": 28, "model": "contenttypes.contenttype", "fields": {"model": "asistencia", "name": "Asistencia", "app_label": "ControlAsistencia"}}, {"pk": 29, "model": "contenttypes.contenttype", "fields": {"model": "becado", "name": "Becado", "app_label": "ControlAsistencia"}}, {"pk": 30, "model": "contenttypes.contenttype", "fields": {"model": "becacolegio", "name": "beca colegio", "app_label": "ControlAsistencia"}}, {"pk": 31, "model": "contenttypes.contenttype", "fields": {"model": "planasistencia", "name": "plan asistencia", "app_label": "ControlAsistencia"}}, {"pk": 32, "model": "contenttypes.contenttype", "fields": {"model": "migrationhistory", "name": "migration history", "app_label": "south"}}, {"pk": 33, "model": "contenttypes.contenttype", "fields": {"model": "usersettings", "name": "user setting", "app_label": "cms"}}, {"pk": 34, "model": "contenttypes.contenttype", "fields": {"model": "placeholder", "name": "placeholder", "app_label": "cms"}}, {"pk": 35, "model": "contenttypes.contenttype", "fields": {"model": "cmsplugin", "name": "cms plugin", "app_label": "cms"}}, {"pk": 36, "model": "contenttypes.contenttype", "fields": {"model": "page", "name": "page", "app_label": "cms"}}, {"pk": 37, "model": "contenttypes.contenttype", "fields": {"model": "globalpagepermission", "name": "Page global permission", "app_label": "cms"}}, {"pk": 38, "model": "contenttypes.contenttype", "fields": {"model": "pagepermission", "name": "Page permission", "app_label": "cms"}}, {"pk": 39, "model": "contenttypes.contenttype", "fields": {"model": "pageuser", "name": "User (page)", "app_label": "cms"}}, {"pk": 40, "model": "contenttypes.contenttype", "fields": {"model": "pageusergroup", "name": "User group (page)", "app_label": "cms"}}, {"pk": 41, "model": "contenttypes.contenttype", "fields": {"model": "title", "name": "title", "app_label": "cms"}}, {"pk": 42, "model": "contenttypes.contenttype", "fields": {"model": "placeholderreference", "name": "placeholder reference", "app_label": "cms"}}, {"pk": 43, "model": "contenttypes.contenttype", "fields": {"model": "staticplaceholder", "name": "static placeholder", "app_label": "cms"}}, {"pk": 44, "model": "contenttypes.contenttype", "fields": {"model": "aliaspluginmodel", "name": "alias plugin model", "app_label": "cms"}}, {"pk": 45, "model": "contenttypes.contenttype", "fields": {"model": "text", "name": "text", "app_label": "djangocms_text_ckeditor"}}, {"pk": 46, "model": "contenttypes.contenttype", "fields": {"model": "folder", "name": "Folder", "app_label": "filer"}}, {"pk": 47, "model": "contenttypes.contenttype", "fields": {"model": "folderpermission", "name": "folder permission", "app_label": "filer"}}, {"pk": 48, "model": "contenttypes.contenttype", "fields": {"model": "file", "name": "file", "app_label": "filer"}}, {"pk": 49, "model": "contenttypes.contenttype", "fields": {"model": "clipboard", "name": "clipboard", "app_label": "filer"}}, {"pk": 50, "model": "contenttypes.contenttype", "fields": {"model": "clipboarditem", "name": "clipboard item", "app_label": "filer"}}, {"pk": 51, "model": "contenttypes.contenttype", "fields": {"model": "image", "name": "image", "app_label": "filer"}}, {"pk": 52, "model": "contenttypes.contenttype", "fields": {"model": "source", "name": "source", "app_label": "easy_thumbnails"}}, {"pk": 53, "model": "contenttypes.contenttype", "fields": {"model": "thumbnail", "name": "thumbnail", "app_label": "easy_thumbnails"}}, {"pk": 54, "model": "contenttypes.contenttype", "fields": {"model": "thumbnaildimensions", "name": "thumbnail dimensions", "app_label": "easy_thumbnails"}}, {"pk": 55, "model": "contenttypes.contenttype", "fields": {"model": "cachekey", "name": "cache key", "app_label": "menus"}}, {"pk": 56, "model": "contenttypes.contenttype", "fields": {"model": "style", "name": "style", "app_label": "djangocms_style"}}, {"pk": 57, "model": "contenttypes.contenttype", "fields": {"model": "multicolumns", "name": "multi columns", "app_label": "djangocms_column"}}, {"pk": 58, "model": "contenttypes.contenttype", "fields": {"model": "column", "name": "column", "app_label": "djangocms_column"}}, {"pk": 59, "model": "contenttypes.contenttype", "fields": {"model": "file", "name": "file", "app_label": "djangocms_file"}}, {"pk": 60, "model": "contenttypes.contenttype", "fields": {"model": "flash", "name": "flash", "app_label": "djangocms_flash"}}, {"pk": 61, "model": "contenttypes.contenttype", "fields": {"model": "googlemap", "name": "google map", "app_label": "djangocms_googlemap"}}, {"pk": 62, "model": "contenttypes.contenttype", "fields": {"model": "inheritpageplaceholder", "name": "inherit page placeholder", "app_label": "djangocms_inherit"}}, {"pk": 63, "model": "contenttypes.contenttype", "fields": {"model": "link", "name": "link", "app_label": "djangocms_link"}}, {"pk": 64, "model": "contenttypes.contenttype", "fields": {"model": "picture", "name": "picture", "app_label": "djangocms_picture"}}, {"pk": 65, "model": "contenttypes.contenttype", "fields": {"model": "teaser", "name": "teaser", "app_label": "djangocms_teaser"}}, {"pk": 66, "model": "contenttypes.contenttype", "fields": {"model": "video", "name": "video", "app_label": "djangocms_video"}}, {"pk": 67, "model": "contenttypes.contenttype", "fields": {"model": "revision", "name": "revision", "app_label": "reversion"}}, {"pk": 68, "model": "contenttypes.contenttype", "fields": {"model": "version", "name": "version", "app_label": "reversion"}}, {"pk": "djr758fjb1nrin5gueool3knc17kwq0w", "model": "sessions.session", "fields": {"expire_date": "2014-10-17T20:36:07.176Z", "session_data": "YzQ3MTlmNDYwYzE3NTJiYmYyNWZiMDYzNzNjYjFmZGJhZWZkZjVhYjp7Il9hdXRoX3VzZXJfYmFja2VuZCI6ImRqYW5nby5jb250cmliLmF1dGguYmFja2VuZHMuTW9kZWxCYWNrZW5kIiwiX2F1dGhfdXNlcl9pZCI6MX0="}}, {"pk": "snmld4umkyllo0v06p7zy7ou6zgj9tx6", "model": "sessions.session", "fields": {"expire_date": "2014-10-17T02:37:48.763Z", "session_data": "ZDQ1M2ZhZjI2ZDg5MDVkZDM4ZWNlMjRiMTUwZWY2MmU2MDIyZjQyNjp7ImNtc19sb2dfbGF0ZXN0IjoxMywiX2F1dGhfdXNlcl9iYWNrZW5kIjoiZGphbmdvLmNvbnRyaWIuYXV0aC5iYWNrZW5kcy5Nb2RlbEJhY2tlbmQiLCJfYXV0aF91c2VyX2lkIjoxLCJjbXNfZWRpdCI6dHJ1ZX0="}}, {"pk": 1, "model": "sites.site", "fields": {"domain": "example.com", "name": "example.com"}}, {"pk": 1, "model": "ControlAsistencia.provincia", "fields": {"nombre": "Alicante/Alacant"}}, {"pk": 2, "model": "ControlAsistencia.provincia", "fields": {"nombre": "Almer\u00eda"}}, {"pk": 3, "model": "ControlAsistencia.provincia", "fields": {"nombre": "Araba/\u00c1lava"}}, {"pk": 4, "model": "ControlAsistencia.provincia", "fields": {"nombre": "Asturias"}}, {"pk": 5, "model": "ControlAsistencia.provincia", "fields": {"nombre": "\u00c1vila"}}, {"pk": 6, "model": "ControlAsistencia.provincia", "fields": {"nombre": "Badajoz"}}, {"pk": 7, "model": "ControlAsistencia.provincia", "fields": {"nombre": "Balears, Illes"}}, {"pk": 8, "model": "ControlAsistencia.provincia", "fields": {"nombre": "Barcelona"}}, {"pk": 9, "model": "ControlAsistencia.provincia", "fields": {"nombre": "Bizkaia"}}, {"pk": 10, "model": "ControlAsistencia.provincia", "fields": {"nombre": "Burgos"}}, {"pk": 11, "model": "ControlAsistencia.provincia", "fields": {"nombre": "C\u00e1ceres"}}, {"pk": 12, "model": "ControlAsistencia.provincia", "fields": {"nombre": "C\u00e1diz"}}, {"pk": 13, "model": "ControlAsistencia.provincia", "fields": {"nombre": "Cantabria"}}, {"pk": 14, "model": "ControlAsistencia.provincia", "fields": {"nombre": "Castell\u00f3n/Castell\u00f3"}}, {"pk": 15, "model": "ControlAsistencia.provincia", "fields": {"nombre": "Ciudad Real"}}, {"pk": 16, "model": "ControlAsistencia.provincia", "fields": {"nombre": "C\u00f3rdoba"}}, {"pk": 17, "model": "ControlAsistencia.provincia", "fields": {"nombre": "Coru\u00f1a, A"}}, {"pk": 18, "model": "ControlAsistencia.provincia", "fields": {"nombre": "Cuenca"}}, {"pk": 19, "model": "ControlAsistencia.provincia", "fields": {"nombre": "Gipuzkoa"}}, {"pk": 20, "model": "ControlAsistencia.provincia", "fields": {"nombre": "Girona"}}, {"pk": 21, "model": "ControlAsistencia.provincia", "fields": {"nombre": "Granada"}}, {"pk": 22, "model": "ControlAsistencia.provincia", "fields": {"nombre": "Guadalajara"}}, {"pk": 23, "model": "ControlAsistencia.provincia", "fields": {"nombre": "Huelva"}}, {"pk": 24, "model": "ControlAsistencia.provincia", "fields": {"nombre": "Huesca"}}, {"pk": 25, "model": "ControlAsistencia.provincia", "fields": {"nombre": "Ja\u00e9n"}}, {"pk": 26, "model": "ControlAsistencia.provincia", "fields": {"nombre": "Le\u00f3n"}}, {"pk": 27, "model": "ControlAsistencia.provincia", "fields": {"nombre": "Lleida"}}, {"pk": 28, "model": "ControlAsistencia.provincia", "fields": {"nombre": "Lugo"}}, {"pk": 29, "model": "ControlAsistencia.provincia", "fields": {"nombre": "Madrid"}}, {"pk": 30, "model": "ControlAsistencia.provincia", "fields": {"nombre": "M\u00e1laga"}}, {"pk": 31, "model": "ControlAsistencia.provincia", "fields": {"nombre": "Murcia"}}, {"pk": 32, "model": "ControlAsistencia.provincia", "fields": {"nombre": "Navarra"}}, {"pk": 33, "model": "ControlAsistencia.provincia", "fields": {"nombre": "Ourense"}}, {"pk": 34, "model": "ControlAsistencia.provincia", "fields": {"nombre": "Palencia"}}, {"pk": 35, "model": "ControlAsistencia.provincia", "fields": {"nombre": "Palmas, Las"}}, {"pk": 36, "model": "ControlAsistencia.provincia", "fields": {"nombre": "Pontevedra"}}, {"pk": 37, "model": "ControlAsistencia.provincia", "fields": {"nombre": "Rioja, La"}}, {"pk": 38, "model": "ControlAsistencia.provincia", "fields": {"nombre": "Salamanca"}}, {"pk": 39, "model": "ControlAsistencia.provincia", "fields": {"nombre": "Santa Cruz de Tenerife"}}, {"pk": 40, "model": "ControlAsistencia.provincia", "fields": {"nombre": "Segovia"}}, {"pk": 41, "model": "ControlAsistencia.provincia", "fields": {"nombre": "Sevilla"}}, {"pk": 42, "model": "ControlAsistencia.provincia", "fields": {"nombre": "Soria"}}, {"pk": 43, "model": "ControlAsistencia.provincia", "fields": {"nombre": "Tarragona"}}, {"pk": 44, "model": "ControlAsistencia.provincia", "fields": {"nombre": "Teruel"}}, {"pk": 45, "model": "ControlAsistencia.provincia", "fields": {"nombre": "Toledo"}}, {"pk": 46, "model": "ControlAsistencia.provincia", "fields": {"nombre": "Valencia/Val\u00e9ncia"}}, {"pk": 47, "model": "ControlAsistencia.provincia", "fields": {"nombre": "Valladolid"}}, {"pk": 48, "model": "ControlAsistencia.provincia", "fields": {"nombre": "Zamora"}}, {"pk": 49, "model": "ControlAsistencia.provincia", "fields": {"nombre": "Zaragoza"}}, {"pk": 50, "model": "ControlAsistencia.provincia", "fields": {"nombre": "Ceuta"}}, {"pk": 51, "model": "ControlAsistencia.provincia", "fields": {"nombre": "Melilla"}}, {"pk": 1, "model": "ControlAsistencia.comunidadautonoma", "fields": {"nombre": "Compostela"}}, {"pk": 1, "model": "ControlAsistencia.direccion", "fields": {"piso": "1", "casa": "", "comunidad": 1, "calle1": "", "calle2": "", "ciudad": "", "numero": "", "edificio": "Central", "departamento": "", "pais": "AO", "codigoPostal": "", "provincia": 6}}, {"pk": 1, "model": "ControlAsistencia.telefono", "fields": {"tipo": "Oficina", "numero": "6476574"}}, {"pk": 2, "model": "ControlAsistencia.telefono", "fields": {"tipo": "Casa", "numero": "7485876"}}, {"pk": 3, "model": "ControlAsistencia.telefono", "fields": {"tipo": "Oficina", "numero": "675676575"}}, {"pk": 4, "model": "ControlAsistencia.telefono", "fields": {"tipo": "Oficina", "numero": "675676575"}}, {"pk": 5, "model": "ControlAsistencia.telefono", "fields": {"tipo": "Oficina", "numero": "54767"}}, {"pk": 6, "model": "ControlAsistencia.telefono", "fields": {"tipo": "Oficina", "numero": "675676575"}}, {"pk": 7, "model": "ControlAsistencia.telefono", "fields": {"tipo": "Casa", "numero": "6767657456"}}, {"pk": 8, "model": "ControlAsistencia.telefono", "fields": {"tipo": "Oficina", "numero": "675676575"}}, {"pk": 9, "model": "ControlAsistencia.telefono", "fields": {"tipo": "Oficina", "numero": "675676575"}}, {"pk": 10, "model": "ControlAsistencia.telefono", "fields": {"tipo": "Casa", "numero": "565346456"}}, {"pk": 11, "model": "ControlAsistencia.telefono", "fields": {"tipo": "Oficina", "numero": "675676575"}}, {"pk": 12, "model": "ControlAsistencia.telefono", "fields": {"tipo": "Oficina", "numero": "675676575"}}, {"pk": 13, "model": "ControlAsistencia.telefono", "fields": {"tipo": "Casa", "numero": "45654654"}}, {"pk": 14, "model": "ControlAsistencia.telefono", "fields": {"tipo": "Oficina", "numero": "675676575"}}, {"pk": 15, "model": "ControlAsistencia.telefono", "fields": {"tipo": "Oficina", "numero": "675676575"}}, {"pk": 16, "model": "ControlAsistencia.telefono", "fields": {"tipo": "Oficina", "numero": "678567875"}}, {"pk": 17, "model": "ControlAsistencia.telefono", "fields": {"tipo": "Casa", "numero": "675676575"}}, {"pk": 18, "model": "ControlAsistencia.telefono", "fields": {"tipo": "Oficina", "numero": "73467675848"}}, {"pk": 19, "model": "ControlAsistencia.telefono", "fields": {"tipo": "Oficina", "numero": "451454235"}}, {"pk": 20, "model": "ControlAsistencia.telefono", "fields": {"tipo": "Oficina", "numero": "657548768956"}}, {"pk": 1, "model": "ControlAsistencia.persona", "fields": {"foto": "", "nacionalidad": "BH", "apellido": "Andrade", "dni": "245435325", "direccion": 1, "apellido2": "Suarez", "nombre": "Pedro", "sexo": "Masculino", "telefono": 1, "email": "werqwesd@dsa.com"}}, {"pk": 2, "model": "ControlAsistencia.persona", "fields": {"foto": "", "nacionalidad": "BH", "apellido": "Desea", "dni": "5645645", "direccion": 1, "apellido2": "Mucho", "nombre": "Artemia", "sexo": "Femenino", "telefono": 1, "email": "werqwesd@dsa.com"}}, {"pk": 3, "model": "ControlAsistencia.persona", "fields": {"foto": "", "nacionalidad": "BH", "apellido": "Marmol", "dni": "67575675", "direccion": 1, "apellido2": "Traca", "nombre": "Mario", "sexo": "Masculino", "telefono": 1, "email": "adfda@sdffds.org"}}, {"pk": 4, "model": "ControlAsistencia.persona", "fields": {"foto": "", "nacionalidad": "BD", "apellido": "Gre", "dni": "4634563", "direccion": 1, "apellido2": "Greta", "nombre": "Fernando", "sexo": "Masculino", "telefono": 2, "email": "tew@Dqas.com"}}, {"pk": 5, "model": "ControlAsistencia.persona", "fields": {"foto": "", "nacionalidad": "DZ", "apellido": "Laserna", "dni": "5435435", "direccion": 1, "apellido2": "Tara", "nombre": "Mario", "sexo": "Masculino", "telefono": 3, "email": "joj@hsia.com"}}, {"pk": 6, "model": "ControlAsistencia.persona", "fields": {"foto": "", "nacionalidad": "BH", "apellido": "Andrade", "dni": "245435325", "direccion": 1, "apellido2": "Suarez", "nombre": "Pedro", "sexo": "Masculino", "telefono": 1, "email": "werqwesd@dsa.com"}}, {"pk": 7, "model": "ControlAsistencia.persona", "fields": {"foto": "", "nacionalidad": "BH", "apellido": "Marmol", "dni": "67575675", "direccion": 1, "apellido2": "Traca", "nombre": "Pedro", "sexo": "Masculino", "telefono": 1, "email": "adfda@sdffds.org"}}, {"pk": 8, "model": "ControlAsistencia.persona", "fields": {"foto": "", "nacionalidad": "BD", "apellido": "Escorpo", "dni": "4634563", "direccion": 1, "apellido2": "Suarez", "nombre": "Carlos", "sexo": "Masculino", "telefono": 2, "email": "tew@Dqas.com"}}, {"pk": 9, "model": "ControlAsistencia.persona", "fields": {"foto": "", "nacionalidad": "DZ", "apellido": "Refre", "dni": "5435435", "direccion": 1, "apellido2": "Tara", "nombre": "Mario", "sexo": "Masculino", "telefono": 3, "email": "joj@hsia.com"}}, {"pk": 10, "model": "ControlAsistencia.persona", "fields": {"foto": "", "nacionalidad": "BD", "apellido": "Cespedes", "dni": "4634563", "direccion": 1, "apellido2": "Greta", "nombre": "Reginald", "sexo": "Masculino", "telefono": 2, "email": "tew@Dqas.com"}}, {"pk": 11, "model": "ControlAsistencia.persona", "fields": {"foto": "", "nacionalidad": "BD", "apellido": "Bretas", "dni": "4634563", "direccion": 1, "apellido2": "Traca", "nombre": "Jose", "sexo": "Masculino", "telefono": 2, "email": "tew@Dqas.com"}}, {"pk": 12, "model": "ControlAsistencia.persona", "fields": {"foto": "", "nacionalidad": "BD", "apellido": "kierg", "dni": "4634563", "direccion": 1, "apellido2": "Suarez", "nombre": "Francisco", "sexo": "Masculino", "telefono": 2, "email": "tew@Dqas.com"}}, {"pk": 13, "model": "ControlAsistencia.persona", "fields": {"foto": "", "nacionalidad": "BD", "apellido": "Poncio", "dni": "4634563", "direccion": 1, "apellido2": "Greta", "nombre": "Maria", "sexo": "Masculino", "telefono": 2, "email": "tew@Dqas.com"}}, {"pk": 14, "model": "ControlAsistencia.persona", "fields": {"foto": "", "nacionalidad": "BD", "apellido": "Teria", "dni": "4634563", "direccion": 1, "apellido2": "Greta", "nombre": "Juana", "sexo": "Masculino", "telefono": 2, "email": "tew@Dqas.com"}}, {"pk": 15, "model": "ControlAsistencia.persona", "fields": {"foto": "", "nacionalidad": "BD", "apellido": "Greoka", "dni": "4634563", "direccion": 1, "apellido2": "Suarez", "nombre": "Cecilia", "sexo": "Masculino", "telefono": 2, "email": "tew@Dqas.com"}}, {"pk": 16, "model": "ControlAsistencia.persona", "fields": {"foto": "", "nacionalidad": "BD", "apellido": "pliade", "dni": "4634563", "direccion": 1, "apellido2": "Traca", "nombre": "Berta", "sexo": "Masculino", "telefono": 2, "email": "tew@Dqas.com"}}, {"pk": 17, "model": "ControlAsistencia.persona", "fields": {"foto": "", "nacionalidad": "BD", "apellido": "Ngerffd", "dni": "4634563", "direccion": 1, "apellido2": "Greta", "nombre": "Antonieta", "sexo": "Masculino", "telefono": 2, "email": "tew@Dqas.com"}}, {"pk": 18, "model": "ControlAsistencia.persona", "fields": {"foto": "", "nacionalidad": "BD", "apellido": "Tiobie", "dni": "4634563", "direccion": 1, "apellido2": "Andrade", "nombre": "Giorgina", "sexo": "Masculino", "telefono": 2, "email": "tew@Dqas.com"}}, {"pk": 19, "model": "ControlAsistencia.persona", "fields": {"foto": "", "nacionalidad": "BD", "apellido": "Grela", "dni": "4634563", "direccion": 1, "apellido2": "Greta", "nombre": "Laura", "sexo": "Masculino", "telefono": 2, "email": "tew@Dqas.com"}}, {"pk": 20, "model": "ControlAsistencia.persona", "fields": {"foto": "", "nacionalidad": "BD", "apellido": "opiae", "dni": "4634563", "direccion": 1, "apellido2": "Andrade", "nombre": "Mary", "sexo": "Masculino", "telefono": 2, "email": "tew@Dqas.com"}}, {"pk": 21, "model": "ControlAsistencia.persona", "fields": {"foto": "", "nacionalidad": "BD", "apellido": "Fernas", "dni": "4634563", "direccion": 1, "apellido2": "Greta", "nombre": "Claudia", "sexo": "Masculino", "telefono": 2, "email": "tew@Dqas.com"}}, {"pk": 1, "model": "ControlAsistencia.contacto", "fields": {}}, {"pk": 2, "model": "ControlAsistencia.contacto", "fields": {}}, {"pk": 5, "model": "ControlAsistencia.estudiantebase", "fields": {}}, {"pk": 6, "model": "ControlAsistencia.estudiantebase", "fields": {}}, {"pk": 7, "model": "ControlAsistencia.estudiantebase", "fields": {}}, {"pk": 8, "model": "ControlAsistencia.estudiantebase", "fields": {}}, {"pk": 9, "model": "ControlAsistencia.estudiantebase", "fields": {}}, {"pk": 10, "model": "ControlAsistencia.estudiantebase", "fields": {}}, {"pk": 11, "model": "ControlAsistencia.estudiantebase", "fields": {}}, {"pk": 12, "model": "ControlAsistencia.estudiantebase", "fields": {}}, {"pk": 13, "model": "ControlAsistencia.estudiantebase", "fields": {}}, {"pk": 14, "model": "ControlAsistencia.estudiantebase", "fields": {}}, {"pk": 1, "model": "ControlAsistencia.tipomenu", "fields": {"nombre": "Desayuno"}}, {"pk": 2, "model": "ControlAsistencia.tipomenu", "fields": {"nombre": "Almuerzo"}}, {"pk": 1, "model": "ControlAsistencia.menu", "fields": {"nombre": "Desayuno", "tipo": 1, "costo": "10"}}, {"pk": 2, "model": "ControlAsistencia.menu", "fields": {"nombre": "Almuerzo", "tipo": 2, "costo": "20"}}, {"pk": 1, "model": "ControlAsistencia.banco", "fields": {"fp": "", "telefono": 2, "codigoOficina": "", "bic": "", "iban": "", "nombre": "Victoiria", "codigo": "", "dc2": "", "dc1": ""}}, {"pk": 2, "model": "ControlAsistencia.banco", "fields": {"fp": "", "telefono": 3, "codigoOficina": "", "bic": "", "iban": "", "nombre": "Credito", "codigo": "", "dc2": "", "dc1": ""}}, {"pk": 3, "model": "ControlAsistencia.banco", "fields": {"fp": "", "telefono": 2, "codigoOficina": "", "bic": "", "iban": "", "nombre": "Hipotecario", "codigo": "", "dc2": "", "dc1": ""}}, {"pk": 4, "model": "ControlAsistencia.banco", "fields": {"fp": "", "telefono": 5, "codigoOficina": "", "bic": "", "iban": "", "nombre": "Central", "codigo": "", "dc2": "", "dc1": ""}}, {"pk": 5, "model": "ControlAsistencia.banco", "fields": {"fp": "", "telefono": 4, "codigoOficina": "", "bic": "", "iban": "", "nombre": "Popular", "codigo": "", "dc2": "", "dc1": ""}}, {"pk": 1, "model": "ControlAsistencia.cuentabanco", "fields": {"banco": 1, "numero": "AS32 3232 3232 3232 3223 3232"}}, {"pk": 1, "model": "ControlAsistencia.beca", "fields": {"monto": "2", "nombre": "BECA1 ALMUERZO"}}, {"pk": 2, "model": "ControlAsistencia.beca", "fields": {"monto": "1.5", "nombre": "BECA2 ALMUERZO"}}, {"pk": 3, "model": "ControlAsistencia.beca", "fields": {"monto": "1.8", "nombre": "BECA1 DESAYUNO"}}, {"pk": 4, "model": "ControlAsistencia.beca", "fields": {"monto": "0.8", "nombre": "BECA2 DESAYUNO"}}, {"pk": 1, "model": "ControlAsistencia.colegio", "fields": {"beca": [2], "precioDesayuno": "12", "telefono": 2, "direccion": 1, "director": 1, "responsable": 2, "precioComida": "12", "expediente": "2341324231", "nombre": "Fe y Alegria", "codigo": "24545432", "montoBeca": "12", "email": "werqwesd@dsa.it", "lote": "3245324534", "encargado": 1}}, {"pk": 2, "model": "ControlAsistencia.colegio", "fields": {"beca": [], "precioDesayuno": "12", "telefono": 2, "direccion": 1, "director": 1, "responsable": 2, "precioComida": "12", "expediente": "34234324", "nombre": "Fe y Alegria", "codigo": "24545432", "montoBeca": "12", "email": "werqwesd@dsa.it", "lote": "65757", "encargado": 1}}, {"pk": 3, "model": "ControlAsistencia.colegio", "fields": {"beca": [], "precioDesayuno": "12", "telefono": 2, "direccion": 1, "director": 1, "responsable": 2, "precioComida": "12", "expediente": "rtt35656", "nombre": "Fe y Alegria", "codigo": "24545432", "montoBeca": "12", "email": "werqwesd@dsa.it", "lote": "3245324534", "encargado": 1}}, {"pk": 4, "model": "ControlAsistencia.colegio", "fields": {"beca": [], "precioDesayuno": "12", "telefono": 2, "direccion": 1, "director": 1, "responsable": 2, "precioComida": "12", "expediente": "7657567", "nombre": "Fe y Alegria", "codigo": "24545432", "montoBeca": "12", "email": "werqwesd@dsa.it", "lote": "657657867", "encargado": 1}}, {"pk": 5, "model": "ControlAsistencia.colegio", "fields": {"beca": [], "precioDesayuno": "12", "telefono": 2, "direccion": 1, "director": 1, "responsable": 2, "precioComida": "12", "expediente": "87979789", "nombre": "Fe y Alegria", "codigo": "24545432", "montoBeca": "12", "email": "werqwesd@dsa.it", "lote": "6725423", "encargado": 1}}, {"pk": 6, "model": "ControlAsistencia.colegio", "fields": {"beca": [], "precioDesayuno": "12", "telefono": 2, "direccion": 1, "director": 1, "responsable": 2, "precioComida": "12", "expediente": "9042352432", "nombre": "Fe y Alegria", "codigo": "24545432", "montoBeca": "12", "email": "werqwesd@dsa.it", "lote": "657567", "encargado": 1}}, {"pk": 3, "model": "ControlAsistencia.tutor", "fields": {}}, {"pk": 4, "model": "ControlAsistencia.tutor", "fields": {}}, {"pk": 4, "model": "ControlAsistencia.pagador", "fields": {"cuenta": 1}}, {"pk": 1, "model": "ControlAsistencia.etapa", "fields": {"nombre": "Nivel Primario"}}, {"pk": 2, "model": "ControlAsistencia.etapa", "fields": {"nombre": "Nivel Secundario"}}, {"pk": 1, "model": "ControlAsistencia.curso", "fields": {"nombre": "EDUCACI\u00d3N INFANTIL Primer Ciclo", "etapa": 1, "nivel": 1}}, {"pk": 2, "model": "ControlAsistencia.curso", "fields": {"nombre": "EDUCACI\u00d3N INFANTIL Segundo Ciclo", "etapa": 1, "nivel": 2}}, {"pk": 3, "model": "ControlAsistencia.curso", "fields": {"nombre": "EDUCACI\u00d3N PRIMARIA 1\u00ba", "etapa": 1, "nivel": 3}}, {"pk": 4, "model": "ControlAsistencia.curso", "fields": {"nombre": "EDUCACI\u00d3N PRIMARIA 2\u00ba", "etapa": 1, "nivel": 4}}, {"pk": 5, "model": "ControlAsistencia.curso", "fields": {"nombre": "EDUCACI\u00d3N PRIMARIA 3\u00ba", "etapa": 1, "nivel": 5}}, {"pk": 6, "model": "ControlAsistencia.curso", "fields": {"nombre": "EDUCACI\u00d3N PRIMARIA 4\u00ba", "etapa": 1, "nivel": 6}}, {"pk": 7, "model": "ControlAsistencia.curso", "fields": {"nombre": "EDUCACI\u00d3N PRIMARIA 5\u00ba", "etapa": 1, "nivel": 7}}, {"pk": 8, "model": "ControlAsistencia.curso", "fields": {"nombre": "EDUCACI\u00d3N PRIMARIA 6\u00ba", "etapa": 1, "nivel": 8}}, {"pk": 9, "model": "ControlAsistencia.curso", "fields": {"nombre": "EDUCACI\u00d3N SECUNDARIA (E.S.O.) 1\u00ba", "etapa": 2, "nivel": 9}}, {"pk": 10, "model": "ControlAsistencia.curso", "fields": {"nombre": "EDUCACI\u00d3N SECUNDARIA (E.S.O.) 2\u00ba", "etapa": 2, "nivel": 10}}, {"pk": 11, "model": "ControlAsistencia.curso", "fields": {"nombre": "EDUCACI\u00d3N SECUNDARIA (E.S.O.) 3\u00ba", "etapa": 2, "nivel": 11}}, {"pk": 12, "model": "ControlAsistencia.curso", "fields": {"nombre": "EDUCACI\u00d3N SECUNDARIA (E.S.O.) 4\u00ba", "etapa": 2, "nivel": 12}}, {"pk": 5, "model": "ControlAsistencia.estudiante", "fields": {"nutricion": "", "curso": 3, "nacimiento": "1990-10-10", "tutor": 3, "pagador": 4, "dieta": "Basal", "colegio": 1}}, {"pk": 6, "model": "ControlAsistencia.estudiante", "fields": {"nutricion": "", "curso": 3, "nacimiento": "1999-02-02", "tutor": 4, "pagador": 4, "dieta": "Especial", "colegio": 1}}, {"pk": 7, "model": "ControlAsistencia.estudiante", "fields": {"nutricion": "", "curso": 3, "nacimiento": "1990-10-10", "tutor": 3, "pagador": 4, "dieta": "Basal", "colegio": 1}}, {"pk": 8, "model": "ControlAsistencia.estudiante", "fields": {"nutricion": "", "curso": 3, "nacimiento": "1990-10-10", "tutor": 3, "pagador": 4, "dieta": "Basal", "colegio": 1}}, {"pk": 9, "model": "ControlAsistencia.estudiante", "fields": {"nutricion": "", "curso": 3, "nacimiento": "1990-10-10", "tutor": 3, "pagador": 4, "dieta": "Basal", "colegio": 1}}, {"pk": 10, "model": "ControlAsistencia.estudiante", "fields": {"nutricion": "", "curso": 3, "nacimiento": "1990-10-10", "tutor": 4, "pagador": 4, "dieta": "Basal", "colegio": 1}}, {"pk": 11, "model": "ControlAsistencia.estudiante", "fields": {"nutricion": "", "curso": 3, "nacimiento": "1990-10-10", "tutor": 3, "pagador": 4, "dieta": "Especial", "colegio": 1}}, {"pk": 12, "model": "ControlAsistencia.estudiante", "fields": {"nutricion": "", "curso": 3, "nacimiento": "1990-10-10", "tutor": 3, "pagador": 4, "dieta": "Basal", "colegio": 1}}, {"pk": 1, "model": "ControlAsistencia.planasistencia", "fields": {"lunes": false, "sabado": false, "domingo": false, "fechaInicio": "2014-10-03T02:37:48.587Z", "miercoles": false, "jueves": false, "estudiante": 5, "tipoMenu": 1, "martes": false, "viernes": false}}, {"pk": 2, "model": "ControlAsistencia.planasistencia", "fields": {"lunes": false, "sabado": false, "domingo": false, "fechaInicio": "2014-10-03T02:37:48.588Z", "miercoles": false, "jueves": false, "estudiante": 5, "tipoMenu": 2, "martes": false, "viernes": false}}, {"pk": 1, "model": "cms.placeholder", "fields": {"slot": "clipboard", "default_width": null}}, {"pk": 1, "model": "south.migrationhistory", "fields": {"applied": "2014-10-01T01:22:37.816Z", "app_name": "cms", "migration": "0001_initial"}}, {"pk": 2, "model": "south.migrationhistory", "fields": {"applied": "2014-10-01T01:22:38.201Z", "app_name": "djangocms_text_ckeditor", "migration": "0001_initial"}}, {"pk": 3, "model": "south.migrationhistory", "fields": {"applied": "2014-10-01T01:22:38.399Z", "app_name": "djangocms_text_ckeditor", "migration": "0002_rename_plugin"}}, {"pk": 4, "model": "south.migrationhistory", "fields": {"applied": "2014-10-01T01:22:45.317Z", "app_name": "filer", "migration": "0001_initial"}}, {"pk": 5, "model": "south.migrationhistory", "fields": {"applied": "2014-10-01T01:22:46.399Z", "app_name": "filer", "migration": "0002_rename_file_field"}}, {"pk": 6, "model": "south.migrationhistory", "fields": {"applied": "2014-10-01T01:22:47.155Z", "app_name": "filer", "migration": "0003_add_description_field"}}, {"pk": 7, "model": "south.migrationhistory", "fields": {"applied": "2014-10-01T01:22:48.460Z", "app_name": "filer", "migration": "0004_auto__del_field_file__file__add_field_file_file__add_field_file_is_pub"}}, {"pk": 8, "model": "south.migrationhistory", "fields": {"applied": "2014-10-01T01:22:49.781Z", "app_name": "filer", "migration": "0005_auto__add_field_file_sha1__chg_field_file_file"}}, {"pk": 9, "model": "south.migrationhistory", "fields": {"applied": "2014-10-01T01:22:50.620Z", "app_name": "filer", "migration": "0006_polymorphic__add_field_file_polymorphic_ctype"}}, {"pk": 10, "model": "south.migrationhistory", "fields": {"applied": "2014-10-01T01:22:50.885Z", "app_name": "filer", "migration": "0007_polymorphic__content_type_data"}}, {"pk": 11, "model": "south.migrationhistory", "fields": {"applied": "2014-10-01T01:22:51.826Z", "app_name": "filer", "migration": "0008_polymorphic__del_field_file__file_type_plugin_name"}}, {"pk": 12, "model": "south.migrationhistory", "fields": {"applied": "2014-10-01T01:22:54.153Z", "app_name": "filer", "migration": "0009_auto__add_field_folderpermission_can_edit_new__add_field_folderpermiss"}}, {"pk": 13, "model": "south.migrationhistory", "fields": {"applied": "2014-10-01T01:22:54.266Z", "app_name": "filer", "migration": "0010_folderpermissions"}}, {"pk": 14, "model": "south.migrationhistory", "fields": {"applied": "2014-10-01T01:22:56.926Z", "app_name": "filer", "migration": "0011_auto__del_field_folderpermission_can_add_children__del_field_folderper"}}, {"pk": 15, "model": "south.migrationhistory", "fields": {"applied": "2014-10-01T01:22:59.807Z", "app_name": "filer", "migration": "0012_renaming_folderpermissions"}}, {"pk": 16, "model": "south.migrationhistory", "fields": {"applied": "2014-10-01T01:22:59.939Z", "app_name": "filer", "migration": "0013_remove_null_file_name"}}, {"pk": 17, "model": "south.migrationhistory", "fields": {"applied": "2014-10-01T01:23:00.725Z", "app_name": "filer", "migration": "0014_auto__add_field_image_related_url__chg_field_file_name"}}, {"pk": 18, "model": "south.migrationhistory", "fields": {"applied": "2014-10-01T01:23:05.730Z", "app_name": "easy_thumbnails", "migration": "0001_initial"}}, {"pk": 19, "model": "south.migrationhistory", "fields": {"applied": "2014-10-01T01:23:06.177Z", "app_name": "easy_thumbnails", "migration": "0002_filename_indexes"}}, {"pk": 20, "model": "south.migrationhistory", "fields": {"applied": "2014-10-01T01:23:06.568Z", "app_name": "easy_thumbnails", "migration": "0003_auto__add_storagenew"}}, {"pk": 21, "model": "south.migrationhistory", "fields": {"applied": "2014-10-01T01:23:08.276Z", "app_name": "easy_thumbnails", "migration": "0004_auto__add_field_source_storage_new__add_field_thumbnail_storage_new"}}, {"pk": 22, "model": "south.migrationhistory", "fields": {"applied": "2014-10-01T01:23:09.974Z", "app_name": "easy_thumbnails", "migration": "0005_storage_fks_null"}}, {"pk": 23, "model": "south.migrationhistory", "fields": {"applied": "2014-10-01T01:23:10.097Z", "app_name": "easy_thumbnails", "migration": "0006_copy_storage"}}, {"pk": 24, "model": "south.migrationhistory", "fields": {"applied": "2014-10-01T01:23:11.693Z", "app_name": "easy_thumbnails", "migration": "0007_storagenew_fks_not_null"}}, {"pk": 25, "model": "south.migrationhistory", "fields": {"applied": "2014-10-01T01:23:13.022Z", "app_name": "easy_thumbnails", "migration": "0008_auto__del_field_source_storage__del_field_thumbnail_storage"}}, {"pk": 26, "model": "south.migrationhistory", "fields": {"applied": "2014-10-01T01:23:13.278Z", "app_name": "easy_thumbnails", "migration": "0009_auto__del_storage"}}, {"pk": 27, "model": "south.migrationhistory", "fields": {"applied": "2014-10-01T01:23:15.035Z", "app_name": "easy_thumbnails", "migration": "0010_rename_storage"}}, {"pk": 28, "model": "south.migrationhistory", "fields": {"applied": "2014-10-01T01:23:16.495Z", "app_name": "easy_thumbnails", "migration": "0011_auto__add_field_source_storage_hash__add_field_thumbnail_storage_hash"}}, {"pk": 29, "model": "south.migrationhistory", "fields": {"applied": "2014-10-01T01:23:16.622Z", "app_name": "easy_thumbnails", "migration": "0012_build_storage_hashes"}}, {"pk": 30, "model": "south.migrationhistory", "fields": {"applied": "2014-10-01T01:23:18.867Z", "app_name": "easy_thumbnails", "migration": "0013_auto__del_storage__del_field_source_storage__del_field_thumbnail_stora"}}, {"pk": 31, "model": "south.migrationhistory", "fields": {"applied": "2014-10-01T01:23:19.255Z", "app_name": "easy_thumbnails", "migration": "0014_auto__add_unique_source_name_storage_hash__add_unique_thumbnail_name_s"}}, {"pk": 32, "model": "south.migrationhistory", "fields": {"applied": "2014-10-01T01:23:20.539Z", "app_name": "easy_thumbnails", "migration": "0015_auto__del_unique_thumbnail_name_storage_hash__add_unique_thumbnail_sou"}}, {"pk": 33, "model": "south.migrationhistory", "fields": {"applied": "2014-10-01T01:23:20.772Z", "app_name": "easy_thumbnails", "migration": "0016_auto__add_thumbnaildimensions"}}, {"pk": 34, "model": "south.migrationhistory", "fields": {"applied": "2014-10-01T01:23:27.073Z", "app_name": "cms", "migration": "0002_auto_start"}}, {"pk": 35, "model": "south.migrationhistory", "fields": {"applied": "2014-10-01T01:23:27.209Z", "app_name": "cms", "migration": "0003_remove_placeholder"}}, {"pk": 36, "model": "south.migrationhistory", "fields": {"applied": "2014-10-01T01:23:27.372Z", "app_name": "cms", "migration": "0004_textobjects"}}, {"pk": 37, "model": "south.migrationhistory", "fields": {"applied": "2014-10-01T01:23:27.691Z", "app_name": "cms", "migration": "0005_mptt_added_to_plugins"}}, {"pk": 38, "model": "south.migrationhistory", "fields": {"applied": "2014-10-01T01:23:27.845Z", "app_name": "cms", "migration": "0006_apphook"}}, {"pk": 39, "model": "south.migrationhistory", "fields": {"applied": "2014-10-01T01:23:28.066Z", "app_name": "cms", "migration": "0007_apphook_longer"}}, {"pk": 40, "model": "south.migrationhistory", "fields": {"applied": "2014-10-01T01:23:28.309Z", "app_name": "cms", "migration": "0008_redirects"}}, {"pk": 41, "model": "south.migrationhistory", "fields": {"applied": "2014-10-01T01:23:28.491Z", "app_name": "cms", "migration": "0009_added_meta_fields"}}, {"pk": 42, "model": "south.migrationhistory", "fields": {"applied": "2014-10-01T01:23:28.651Z", "app_name": "cms", "migration": "0010_5char_language"}}, {"pk": 43, "model": "south.migrationhistory", "fields": {"applied": "2014-10-01T01:23:28.799Z", "app_name": "cms", "migration": "0011_title_overwrites"}}, {"pk": 44, "model": "south.migrationhistory", "fields": {"applied": "2014-10-01T01:23:28.948Z", "app_name": "cms", "migration": "0012_publisher"}}, {"pk": 45, "model": "south.migrationhistory", "fields": {"applied": "2014-10-01T01:23:29.084Z", "app_name": "cms", "migration": "0013_site_copy"}}, {"pk": 46, "model": "south.migrationhistory", "fields": {"applied": "2014-10-01T01:23:29.255Z", "app_name": "cms", "migration": "0014_sites_removed"}}, {"pk": 47, "model": "south.migrationhistory", "fields": {"applied": "2014-10-01T01:23:29.716Z", "app_name": "cms", "migration": "0015_modified_by_added"}}, {"pk": 48, "model": "south.migrationhistory", "fields": {"applied": "2014-10-01T01:23:29.877Z", "app_name": "cms", "migration": "0016_author_copy"}}, {"pk": 49, "model": "south.migrationhistory", "fields": {"applied": "2014-10-01T01:23:30.042Z", "app_name": "cms", "migration": "0017_author_removed"}}, {"pk": 50, "model": "south.migrationhistory", "fields": {"applied": "2014-10-01T01:23:30.210Z", "app_name": "cms", "migration": "0018_site_permissions"}}, {"pk": 51, "model": "south.migrationhistory", "fields": {"applied": "2014-10-01T01:23:30.380Z", "app_name": "cms", "migration": "0019_public_table_renames"}}, {"pk": 52, "model": "south.migrationhistory", "fields": {"applied": "2014-10-01T01:23:30.517Z", "app_name": "cms", "migration": "0020_advanced_permissions"}}, {"pk": 53, "model": "south.migrationhistory", "fields": {"applied": "2014-10-01T01:23:30.699Z", "app_name": "cms", "migration": "0021_publisher2"}}, {"pk": 54, "model": "south.migrationhistory", "fields": {"applied": "2014-10-01T01:23:30.868Z", "app_name": "cms", "migration": "0022_login_required_added"}}, {"pk": 55, "model": "south.migrationhistory", "fields": {"applied": "2014-10-01T01:23:31.030Z", "app_name": "cms", "migration": "0023_plugin_table_naming_function_changed"}}, {"pk": 56, "model": "south.migrationhistory", "fields": {"applied": "2014-10-01T01:23:31.211Z", "app_name": "cms", "migration": "0024_added_placeholder_model"}}, {"pk": 57, "model": "south.migrationhistory", "fields": {"applied": "2014-10-01T01:23:31.391Z", "app_name": "cms", "migration": "0025_placeholder_migration"}}, {"pk": 58, "model": "south.migrationhistory", "fields": {"applied": "2014-10-01T01:23:31.709Z", "app_name": "cms", "migration": "0026_finish_placeholder_migration"}}, {"pk": 59, "model": "south.migrationhistory", "fields": {"applied": "2014-10-01T01:23:31.876Z", "app_name": "cms", "migration": "0027_added_width_to_placeholder"}}, {"pk": 60, "model": "south.migrationhistory", "fields": {"applied": "2014-10-01T01:23:32.035Z", "app_name": "cms", "migration": "0028_limit_visibility_in_menu_step1of3"}}, {"pk": 61, "model": "south.migrationhistory", "fields": {"applied": "2014-10-01T01:23:32.192Z", "app_name": "cms", "migration": "0029_limit_visibility_in_menu_step2of3_data"}}, {"pk": 62, "model": "south.migrationhistory", "fields": {"applied": "2014-10-01T01:23:32.361Z", "app_name": "cms", "migration": "0030_limit_visibility_in_menu_step3of3"}}, {"pk": 63, "model": "south.migrationhistory", "fields": {"applied": "2014-10-01T01:23:32.511Z", "app_name": "cms", "migration": "0031_improved_language_code_support"}}, {"pk": 64, "model": "south.migrationhistory", "fields": {"applied": "2014-10-01T01:23:32.685Z", "app_name": "cms", "migration": "0032_auto__del_field_cmsplugin_publisher_public__del_field_cmsplugin_publis"}}, {"pk": 65, "model": "south.migrationhistory", "fields": {"applied": "2014-10-01T01:23:32.827Z", "app_name": "cms", "migration": "0033_auto__del_field_title_publisher_is_draft__del_field_title_publisher_st"}}, {"pk": 66, "model": "south.migrationhistory", "fields": {"applied": "2014-10-01T01:23:33Z", "app_name": "cms", "migration": "0034_auto__chg_field_title_language__chg_field_cmsplugin_language__add_fiel"}}, {"pk": 67, "model": "south.migrationhistory", "fields": {"applied": "2014-10-01T01:23:33.163Z", "app_name": "cms", "migration": "0035_auto__add_field_globalpagepermission_can_view__add_field_pagepermissio"}}, {"pk": 68, "model": "south.migrationhistory", "fields": {"applied": "2014-10-01T01:23:33.417Z", "app_name": "cms", "migration": "0036_auto__add_field_cmsplugin_changed_date"}}, {"pk": 69, "model": "south.migrationhistory", "fields": {"applied": "2014-10-01T01:23:35.239Z", "app_name": "cms", "migration": "0037_auto__del_pagemoderator__del_field_globalpagepermission_can_moderate__"}}, {"pk": 70, "model": "south.migrationhistory", "fields": {"applied": "2014-10-01T01:23:35.489Z", "app_name": "cms", "migration": "0038_publish_page_permission"}}, {"pk": 71, "model": "south.migrationhistory", "fields": {"applied": "2014-10-01T01:23:38.110Z", "app_name": "cms", "migration": "0039_auto__del_field_page_moderator_state"}}, {"pk": 72, "model": "south.migrationhistory", "fields": {"applied": "2014-10-01T01:23:41.231Z", "app_name": "cms", "migration": "0040_auto__del_field_title_meta_keywords__chg_field_title_meta_description"}}, {"pk": 73, "model": "south.migrationhistory", "fields": {"applied": "2014-10-01T01:23:41.869Z", "app_name": "cms", "migration": "0041_auto__add_usersettings"}}, {"pk": 74, "model": "south.migrationhistory", "fields": {"applied": "2014-10-01T01:23:46.499Z", "app_name": "cms", "migration": "0042_auto__del_field_title_meta_keywords__chg_field_title_meta_description_"}}, {"pk": 75, "model": "south.migrationhistory", "fields": {"applied": "2014-10-01T01:23:47.159Z", "app_name": "cms", "migration": "0043_auto__add_field_usersettings_clipboard"}}, {"pk": 76, "model": "south.migrationhistory", "fields": {"applied": "2014-10-01T01:23:47.343Z", "app_name": "cms", "migration": "0044_killsettings"}}, {"pk": 77, "model": "south.migrationhistory", "fields": {"applied": "2014-10-01T01:23:50.009Z", "app_name": "cms", "migration": "0045_auto__add_field_page_application_urls"}}, {"pk": 78, "model": "south.migrationhistory", "fields": {"applied": "2014-10-01T01:23:50.161Z", "app_name": "cms", "migration": "0046_move_apphooks"}}, {"pk": 79, "model": "south.migrationhistory", "fields": {"applied": "2014-10-01T01:23:51.629Z", "app_name": "cms", "migration": "0047_auto__del_field_title_application_urls"}}, {"pk": 80, "model": "south.migrationhistory", "fields": {"applied": "2014-10-01T01:23:54.517Z", "app_name": "cms", "migration": "0048_auto__add_field_page_application_namespace__add_unique_page_publisher_"}}, {"pk": 81, "model": "south.migrationhistory", "fields": {"applied": "2014-10-01T01:23:57.294Z", "app_name": "cms", "migration": "0049_auto__add_field_page_is_home"}}, {"pk": 82, "model": "south.migrationhistory", "fields": {"applied": "2014-10-01T01:23:57.493Z", "app_name": "cms", "migration": "0050_save_home"}}, {"pk": 83, "model": "south.migrationhistory", "fields": {"applied": "2014-10-01T01:23:57.880Z", "app_name": "cms", "migration": "0051_auto__add_placeholderreference"}}, {"pk": 84, "model": "south.migrationhistory", "fields": {"applied": "2014-10-01T01:23:58.052Z", "app_name": "cms", "migration": "0051_fix_content_type"}}, {"pk": 85, "model": "south.migrationhistory", "fields": {"applied": "2014-10-01T01:23:58.611Z", "app_name": "cms", "migration": "0052_auto__add_placeholderreference__add_staticplaceholder__add_field_page_"}}, {"pk": 86, "model": "south.migrationhistory", "fields": {"applied": "2014-10-01T01:24:09.118Z", "app_name": "cms", "migration": "0053_auto__add_field_title_published__add_field_title_publisher_is_draft__a"}}, {"pk": 87, "model": "south.migrationhistory", "fields": {"applied": "2014-10-01T01:24:09.279Z", "app_name": "cms", "migration": "0054_new_publisher_data"}}, {"pk": 88, "model": "south.migrationhistory", "fields": {"applied": "2014-10-01T01:24:14.822Z", "app_name": "cms", "migration": "0055_auto__del_field_page_publisher_state__del_field_page_published"}}, {"pk": 89, "model": "south.migrationhistory", "fields": {"applied": "2014-10-01T01:24:17.633Z", "app_name": "cms", "migration": "0056_auto__del_field_page_published_languages"}}, {"pk": 90, "model": "south.migrationhistory", "fields": {"applied": "2014-10-01T01:24:17.826Z", "app_name": "cms", "migration": "0057_fix_values"}}, {"pk": 91, "model": "south.migrationhistory", "fields": {"applied": "2014-10-01T01:24:18.100Z", "app_name": "cms", "migration": "0058_placeholderref_table_rename"}}, {"pk": 92, "model": "south.migrationhistory", "fields": {"applied": "2014-10-01T01:24:18.404Z", "app_name": "cms", "migration": "0059_auto__del_pagemoderatorstate"}}, {"pk": 93, "model": "south.migrationhistory", "fields": {"applied": "2014-10-01T01:24:20.885Z", "app_name": "cms", "migration": "0060_auto__add_field_page_xframe_options"}}, {"pk": 94, "model": "south.migrationhistory", "fields": {"applied": "2014-10-01T01:24:21.162Z", "app_name": "cms", "migration": "0061_revers_id_unique"}}, {"pk": 95, "model": "south.migrationhistory", "fields": {"applied": "2014-10-01T01:24:22.667Z", "app_name": "cms", "migration": "0062_auto__add_field_staticplaceholder_site__del_unique_staticplaceholder_c"}}, {"pk": 96, "model": "south.migrationhistory", "fields": {"applied": "2014-10-01T01:24:23.869Z", "app_name": "cms", "migration": "0063_auto__chg_field_staticplaceholder_site"}}, {"pk": 97, "model": "south.migrationhistory", "fields": {"applied": "2014-10-01T01:24:24.027Z", "app_name": "cms", "migration": "0064_staticplaceholder_site_change"}}, {"pk": 98, "model": "south.migrationhistory", "fields": {"applied": "2014-10-01T01:24:24.353Z", "app_name": "cms", "migration": "0065_auto__add_unique_usersettings_user"}}, {"pk": 99, "model": "south.migrationhistory", "fields": {"applied": "2014-10-01T01:24:24.784Z", "app_name": "cms", "migration": "0066_auto__add_aliaspluginmodel"}}, {"pk": 100, "model": "south.migrationhistory", "fields": {"applied": "2014-10-01T01:24:26.168Z", "app_name": "cms", "migration": "0067_auto__add_field_aliaspluginmodel_alias_placeholder__chg_field_aliasplu"}}, {"pk": 101, "model": "south.migrationhistory", "fields": {"applied": "2014-10-01T01:24:26.814Z", "app_name": "cms", "migration": "0068_auto__chg_field_placeholder_slot"}}, {"pk": 102, "model": "south.migrationhistory", "fields": {"applied": "2014-10-01T01:24:26.977Z", "app_name": "cms", "migration": "0069_static_placeholder_permissions"}}, {"pk": 103, "model": "south.migrationhistory", "fields": {"applied": "2014-10-01T01:24:30.048Z", "app_name": "menus", "migration": "0001_initial"}}, {"pk": 104, "model": "south.migrationhistory", "fields": {"applied": "2014-10-01T01:24:33.124Z", "app_name": "djangocms_style", "migration": "0001_initial"}}, {"pk": 105, "model": "south.migrationhistory", "fields": {"applied": "2014-10-01T01:24:36.652Z", "app_name": "djangocms_style", "migration": "0002_auto__add_field_style_padding_left__add_field_style_padding_right__add"}}, {"pk": 106, "model": "south.migrationhistory", "fields": {"applied": "2014-10-01T01:24:37.478Z", "app_name": "djangocms_style", "migration": "0003_auto__add_field_style_tag_type__add_field_style_additional_classes"}}, {"pk": 107, "model": "south.migrationhistory", "fields": {"applied": "2014-10-01T01:24:37.704Z", "app_name": "djangocms_style", "migration": "0004_plugin_rename"}}, {"pk": 108, "model": "south.migrationhistory", "fields": {"applied": "2014-10-01T01:24:40.692Z", "app_name": "djangocms_column", "migration": "0001_initial"}}, {"pk": 109, "model": "south.migrationhistory", "fields": {"applied": "2014-10-01T01:24:40.970Z", "app_name": "djangocms_column", "migration": "0002_plugin_rename"}}, {"pk": 110, "model": "south.migrationhistory", "fields": {"applied": "2014-10-01T01:24:44.035Z", "app_name": "djangocms_file", "migration": "0001_initial"}}, {"pk": 111, "model": "south.migrationhistory", "fields": {"applied": "2014-10-01T01:24:44.627Z", "app_name": "djangocms_file", "migration": "0002_auto__add_field_file_target"}}, {"pk": 112, "model": "south.migrationhistory", "fields": {"applied": "2014-10-01T01:24:47.905Z", "app_name": "djangocms_flash", "migration": "0001_initial"}}, {"pk": 113, "model": "south.migrationhistory", "fields": {"applied": "2014-10-01T01:24:50.823Z", "app_name": "djangocms_googlemap", "migration": "0001_initial"}}, {"pk": 114, "model": "south.migrationhistory", "fields": {"applied": "2014-10-01T01:24:53.800Z", "app_name": "djangocms_inherit", "migration": "0001_initial"}}, {"pk": 115, "model": "south.migrationhistory", "fields": {"applied": "2014-10-01T01:24:56.720Z", "app_name": "djangocms_link", "migration": "0001_initial"}}, {"pk": 116, "model": "south.migrationhistory", "fields": {"applied": "2014-10-01T01:24:57.328Z", "app_name": "djangocms_link", "migration": "0002_auto__add_field_link_phone"}}, {"pk": 117, "model": "south.migrationhistory", "fields": {"applied": "2014-10-01T01:24:58.494Z", "app_name": "djangocms_link", "migration": "0003_auto__add_field_link_anchor__chg_field_link_page_link"}}, {"pk": 118, "model": "south.migrationhistory", "fields": {"applied": "2014-10-01T01:25:01.676Z", "app_name": "djangocms_picture", "migration": "0001_initial"}}, {"pk": 119, "model": "south.migrationhistory", "fields": {"applied": "2014-10-01T01:25:04.774Z", "app_name": "djangocms_teaser", "migration": "0001_initial"}}, {"pk": 120, "model": "south.migrationhistory", "fields": {"applied": "2014-10-01T01:25:07.806Z", "app_name": "djangocms_video", "migration": "0001_initial"}}, {"pk": 121, "model": "south.migrationhistory", "fields": {"applied": "2014-10-01T01:25:11.202Z", "app_name": "reversion", "migration": "0001_initial"}}, {"pk": 122, "model": "south.migrationhistory", "fields": {"applied": "2014-10-01T01:25:11.963Z", "app_name": "reversion", "migration": "0002_auto__add_field_version_type"}}, {"pk": 123, "model": "south.migrationhistory", "fields": {"applied": "2014-10-01T01:25:12.712Z", "app_name": "reversion", "migration": "0003_auto__add_field_version_object_id_int"}}, {"pk": 124, "model": "south.migrationhistory", "fields": {"applied": "2014-10-01T01:25:12.842Z", "app_name": "reversion", "migration": "0004_populate_object_id_int"}}, {"pk": 125, "model": "south.migrationhistory", "fields": {"applied": "2014-10-01T01:25:13.465Z", "app_name": "reversion", "migration": "0005_auto__add_field_revision_manager_slug"}}, {"pk": 126, "model": "south.migrationhistory", "fields": {"applied": "2014-10-01T01:25:13.620Z", "app_name": "reversion", "migration": "0006_remove_delete_revisions"}}, {"pk": 127, "model": "south.migrationhistory", "fields": {"applied": "2014-10-01T01:25:14.386Z", "app_name": "reversion", "migration": "0007_auto__del_field_version_type"}}, {"pk": 128, "model": "south.migrationhistory", "fields": {"applied": "2014-10-01T01:25:14.651Z", "app_name": "reversion", "migration": "0008_auto__add_index_revision_date_created"}}, {"pk": 1, "model": "auth.permission", "fields": {"codename": "add_permission", "name": "Can add permission", "content_type": 1}}, {"pk": 2, "model": "auth.permission", "fields": {"codename": "change_permission", "name": "Can change permission", "content_type": 1}}, {"pk": 3, "model": "auth.permission", "fields": {"codename": "delete_permission", "name": "Can delete permission", "content_type": 1}}, {"pk": 4, "model": "auth.permission", "fields": {"codename": "add_group", "name": "Can add group", "content_type": 2}}, {"pk": 5, "model": "auth.permission", "fields": {"codename": "change_group", "name": "Can change group", "content_type": 2}}, {"pk": 6, "model": "auth.permission", "fields": {"codename": "delete_group", "name": "Can delete group", "content_type": 2}}, {"pk": 7, "model": "auth.permission", "fields": {"codename": "add_user", "name": "Can add user", "content_type": 3}}, {"pk": 8, "model": "auth.permission", "fields": {"codename": "change_user", "name": "Can change user", "content_type": 3}}, {"pk": 9, "model": "auth.permission", "fields": {"codename": "delete_user", "name": "Can delete user", "content_type": 3}}, {"pk": 10, "model": "auth.permission", "fields": {"codename": "add_contenttype", "name": "Can add content type", "content_type": 4}}, {"pk": 11, "model": "auth.permission", "fields": {"codename": "change_contenttype", "name": "Can change content type", "content_type": 4}}, {"pk": 12, "model": "auth.permission", "fields": {"codename": "delete_contenttype", "name": "Can delete content type", "content_type": 4}}, {"pk": 13, "model": "auth.permission", "fields": {"codename": "add_session", "name": "Can add session", "content_type": 5}}, {"pk": 14, "model": "auth.permission", "fields": {"codename": "change_session", "name": "Can change session", "content_type": 5}}, {"pk": 15, "model": "auth.permission", "fields": {"codename": "delete_session", "name": "Can delete session", "content_type": 5}}, {"pk": 16, "model": "auth.permission", "fields": {"codename": "add_logentry", "name": "Can add log entry", "content_type": 6}}, {"pk": 17, "model": "auth.permission", "fields": {"codename": "change_logentry", "name": "Can change log entry", "content_type": 6}}, {"pk": 18, "model": "auth.permission", "fields": {"codename": "delete_logentry", "name": "Can delete log entry", "content_type": 6}}, {"pk": 19, "model": "auth.permission", "fields": {"codename": "add_site", "name": "Can add site", "content_type": 7}}, {"pk": 20, "model": "auth.permission", "fields": {"codename": "change_site", "name": "Can change site", "content_type": 7}}, {"pk": 21, "model": "auth.permission", "fields": {"codename": "delete_site", "name": "Can delete site", "content_type": 7}}, {"pk": 22, "model": "auth.permission", "fields": {"codename": "add_provincia", "name": "Can add provincia", "content_type": 8}}, {"pk": 23, "model": "auth.permission", "fields": {"codename": "change_provincia", "name": "Can change provincia", "content_type": 8}}, {"pk": 24, "model": "auth.permission", "fields": {"codename": "delete_provincia", "name": "Can delete provincia", "content_type": 8}}, {"pk": 25, "model": "auth.permission", "fields": {"codename": "add_comunidadautonoma", "name": "Can add comunidad autonoma", "content_type": 9}}, {"pk": 26, "model": "auth.permission", "fields": {"codename": "change_comunidadautonoma", "name": "Can change comunidad autonoma", "content_type": 9}}, {"pk": 27, "model": "auth.permission", "fields": {"codename": "delete_comunidadautonoma", "name": "Can delete comunidad autonoma", "content_type": 9}}, {"pk": 28, "model": "auth.permission", "fields": {"codename": "add_direccion", "name": "Can add Direcci\u00f3n", "content_type": 10}}, {"pk": 29, "model": "auth.permission", "fields": {"codename": "change_direccion", "name": "Can change Direcci\u00f3n", "content_type": 10}}, {"pk": 30, "model": "auth.permission", "fields": {"codename": "delete_direccion", "name": "Can delete Direcci\u00f3n", "content_type": 10}}, {"pk": 31, "model": "auth.permission", "fields": {"codename": "add_telefono", "name": "Can add telefono", "content_type": 11}}, {"pk": 32, "model": "auth.permission", "fields": {"codename": "change_telefono", "name": "Can change telefono", "content_type": 11}}, {"pk": 33, "model": "auth.permission", "fields": {"codename": "delete_telefono", "name": "Can delete telefono", "content_type": 11}}, {"pk": 34, "model": "auth.permission", "fields": {"codename": "add_persona", "name": "Can add persona", "content_type": 12}}, {"pk": 35, "model": "auth.permission", "fields": {"codename": "change_persona", "name": "Can change persona", "content_type": 12}}, {"pk": 36, "model": "auth.permission", "fields": {"codename": "delete_persona", "name": "Can delete persona", "content_type": 12}}, {"pk": 37, "model": "auth.permission", "fields": {"codename": "add_contacto", "name": "Can add contacto", "content_type": 13}}, {"pk": 38, "model": "auth.permission", "fields": {"codename": "change_contacto", "name": "Can change contacto", "content_type": 13}}, {"pk": 39, "model": "auth.permission", "fields": {"codename": "delete_contacto", "name": "Can delete contacto", "content_type": 13}}, {"pk": 40, "model": "auth.permission", "fields": {"codename": "add_estudiantebase", "name": "Can add estudiante base", "content_type": 14}}, {"pk": 41, "model": "auth.permission", "fields": {"codename": "change_estudiantebase", "name": "Can change estudiante base", "content_type": 14}}, {"pk": 42, "model": "auth.permission", "fields": {"codename": "delete_estudiantebase", "name": "Can delete estudiante base", "content_type": 14}}, {"pk": 43, "model": "auth.permission", "fields": {"codename": "add_tipomenu", "name": "Can add Tipo de Menu", "content_type": 15}}, {"pk": 44, "model": "auth.permission", "fields": {"codename": "change_tipomenu", "name": "Can change Tipo de Menu", "content_type": 15}}, {"pk": 45, "model": "auth.permission", "fields": {"codename": "delete_tipomenu", "name": "Can delete Tipo de Menu", "content_type": 15}}, {"pk": 46, "model": "auth.permission", "fields": {"codename": "add_menu", "name": "Can add menu", "content_type": 16}}, {"pk": 47, "model": "auth.permission", "fields": {"codename": "change_menu", "name": "Can change menu", "content_type": 16}}, {"pk": 48, "model": "auth.permission", "fields": {"codename": "delete_menu", "name": "Can delete menu", "content_type": 16}}, {"pk": 49, "model": "auth.permission", "fields": {"codename": "add_banco", "name": "Can add banco", "content_type": 17}}, {"pk": 50, "model": "auth.permission", "fields": {"codename": "change_banco", "name": "Can change banco", "content_type": 17}}, {"pk": 51, "model": "auth.permission", "fields": {"codename": "delete_banco", "name": "Can delete banco", "content_type": 17}}, {"pk": 52, "model": "auth.permission", "fields": {"codename": "add_cuentabanco", "name": "Can add cuenta banco", "content_type": 18}}, {"pk": 53, "model": "auth.permission", "fields": {"codename": "change_cuentabanco", "name": "Can change cuenta banco", "content_type": 18}}, {"pk": 54, "model": "auth.permission", "fields": {"codename": "delete_cuentabanco", "name": "Can delete cuenta banco", "content_type": 18}}, {"pk": 55, "model": "auth.permission", "fields": {"codename": "add_beca", "name": "Can add beca", "content_type": 19}}, {"pk": 56, "model": "auth.permission", "fields": {"codename": "change_beca", "name": "Can change beca", "content_type": 19}}, {"pk": 57, "model": "auth.permission", "fields": {"codename": "delete_beca", "name": "Can delete beca", "content_type": 19}}, {"pk": 58, "model": "auth.permission", "fields": {"codename": "add_colegio", "name": "Can add colegio", "content_type": 20}}, {"pk": 59, "model": "auth.permission", "fields": {"codename": "change_colegio", "name": "Can change colegio", "content_type": 20}}, {"pk": 60, "model": "auth.permission", "fields": {"codename": "delete_colegio", "name": "Can delete colegio", "content_type": 20}}, {"pk": 61, "model": "auth.permission", "fields": {"codename": "add_tutor", "name": "Can add Tutor", "content_type": 21}}, {"pk": 62, "model": "auth.permission", "fields": {"codename": "change_tutor", "name": "Can change Tutor", "content_type": 21}}, {"pk": 63, "model": "auth.permission", "fields": {"codename": "delete_tutor", "name": "Can delete Tutor", "content_type": 21}}, {"pk": 64, "model": "auth.permission", "fields": {"codename": "add_pagador", "name": "Can add pagador", "content_type": 22}}, {"pk": 65, "model": "auth.permission", "fields": {"codename": "change_pagador", "name": "Can change pagador", "content_type": 22}}, {"pk": 66, "model": "auth.permission", "fields": {"codename": "delete_pagador", "name": "Can delete pagador", "content_type": 22}}, {"pk": 67, "model": "auth.permission", "fields": {"codename": "add_etapa", "name": "Can add etapa", "content_type": 23}}, {"pk": 68, "model": "auth.permission", "fields": {"codename": "change_etapa", "name": "Can change etapa", "content_type": 23}}, {"pk": 69, "model": "auth.permission", "fields": {"codename": "delete_etapa", "name": "Can delete etapa", "content_type": 23}}, {"pk": 70, "model": "auth.permission", "fields": {"codename": "add_curso", "name": "Can add curso", "content_type": 24}}, {"pk": 71, "model": "auth.permission", "fields": {"codename": "change_curso", "name": "Can change curso", "content_type": 24}}, {"pk": 72, "model": "auth.permission", "fields": {"codename": "delete_curso", "name": "Can delete curso", "content_type": 24}}, {"pk": 73, "model": "auth.permission", "fields": {"codename": "add_estudiante", "name": "Can add estudiante", "content_type": 25}}, {"pk": 74, "model": "auth.permission", "fields": {"codename": "change_estudiante", "name": "Can change estudiante", "content_type": 25}}, {"pk": 75, "model": "auth.permission", "fields": {"codename": "delete_estudiante", "name": "Can delete estudiante", "content_type": 25}}, {"pk": 76, "model": "auth.permission", "fields": {"codename": "add_documento", "name": "Can add documento", "content_type": 26}}, {"pk": 77, "model": "auth.permission", "fields": {"codename": "change_documento", "name": "Can change documento", "content_type": 26}}, {"pk": 78, "model": "auth.permission", "fields": {"codename": "delete_documento", "name": "Can delete documento", "content_type": 26}}, {"pk": 79, "model": "auth.permission", "fields": {"codename": "add_pago", "name": "Can add pago", "content_type": 27}}, {"pk": 80, "model": "auth.permission", "fields": {"codename": "change_pago", "name": "Can change pago", "content_type": 27}}, {"pk": 81, "model": "auth.permission", "fields": {"codename": "delete_pago", "name": "Can delete pago", "content_type": 27}}, {"pk": 82, "model": "auth.permission", "fields": {"codename": "add_asistencia", "name": "Can add Asistencia", "content_type": 28}}, {"pk": 83, "model": "auth.permission", "fields": {"codename": "change_asistencia", "name": "Can change Asistencia", "content_type": 28}}, {"pk": 84, "model": "auth.permission", "fields": {"codename": "delete_asistencia", "name": "Can delete Asistencia", "content_type": 28}}, {"pk": 85, "model": "auth.permission", "fields": {"codename": "add_becado", "name": "Can add Becado", "content_type": 29}}, {"pk": 86, "model": "auth.permission", "fields": {"codename": "change_becado", "name": "Can change Becado", "content_type": 29}}, {"pk": 87, "model": "auth.permission", "fields": {"codename": "delete_becado", "name": "Can delete Becado", "content_type": 29}}, {"pk": 88, "model": "auth.permission", "fields": {"codename": "add_becacolegio", "name": "Can add beca colegio", "content_type": 30}}, {"pk": 89, "model": "auth.permission", "fields": {"codename": "change_becacolegio", "name": "Can change beca colegio", "content_type": 30}}, {"pk": 90, "model": "auth.permission", "fields": {"codename": "delete_becacolegio", "name": "Can delete beca colegio", "content_type": 30}}, {"pk": 91, "model": "auth.permission", "fields": {"codename": "add_planasistencia", "name": "Can add plan asistencia", "content_type": 31}}, {"pk": 92, "model": "auth.permission", "fields": {"codename": "change_planasistencia", "name": "Can change plan asistencia", "content_type": 31}}, {"pk": 93, "model": "auth.permission", "fields": {"codename": "delete_planasistencia", "name": "Can delete plan asistencia", "content_type": 31}}, {"pk": 94, "model": "auth.permission", "fields": {"codename": "add_migrationhistory", "name": "Can add migration history", "content_type": 32}}, {"pk": 95, "model": "auth.permission", "fields": {"codename": "change_migrationhistory", "name": "Can change migration history", "content_type": 32}}, {"pk": 96, "model": "auth.permission", "fields": {"codename": "delete_migrationhistory", "name": "Can delete migration history", "content_type": 32}}, {"pk": 97, "model": "auth.permission", "fields": {"codename": "add_usersettings", "name": "Can add user setting", "content_type": 33}}, {"pk": 98, "model": "auth.permission", "fields": {"codename": "change_usersettings", "name": "Can change user setting", "content_type": 33}}, {"pk": 99, "model": "auth.permission", "fields": {"codename": "delete_usersettings", "name": "Can delete user setting", "content_type": 33}}, {"pk": 100, "model": "auth.permission", "fields": {"codename": "add_placeholder", "name": "Can add placeholder", "content_type": 34}}, {"pk": 101, "model": "auth.permission", "fields": {"codename": "change_placeholder", "name": "Can change placeholder", "content_type": 34}}, {"pk": 102, "model": "auth.permission", "fields": {"codename": "delete_placeholder", "name": "Can delete placeholder", "content_type": 34}}, {"pk": 103, "model": "auth.permission", "fields": {"codename": "add_cmsplugin", "name": "Can add cms plugin", "content_type": 35}}, {"pk": 104, "model": "auth.permission", "fields": {"codename": "change_cmsplugin", "name": "Can change cms plugin", "content_type": 35}}, {"pk": 105, "model": "auth.permission", "fields": {"codename": "delete_cmsplugin", "name": "Can delete cms plugin", "content_type": 35}}, {"pk": 106, "model": "auth.permission", "fields": {"codename": "add_page", "name": "Can add page", "content_type": 36}}, {"pk": 107, "model": "auth.permission", "fields": {"codename": "change_page", "name": "Can change page", "content_type": 36}}, {"pk": 108, "model": "auth.permission", "fields": {"codename": "delete_page", "name": "Can delete page", "content_type": 36}}, {"pk": 109, "model": "auth.permission", "fields": {"codename": "view_page", "name": "Can view page", "content_type": 36}}, {"pk": 110, "model": "auth.permission", "fields": {"codename": "publish_page", "name": "Can publish page", "content_type": 36}}, {"pk": 111, "model": "auth.permission", "fields": {"codename": "edit_static_placeholder", "name": "Can edit static placeholders", "content_type": 36}}, {"pk": 112, "model": "auth.permission", "fields": {"codename": "add_globalpagepermission", "name": "Can add Page global permission", "content_type": 37}}, {"pk": 113, "model": "auth.permission", "fields": {"codename": "change_globalpagepermission", "name": "Can change Page global permission", "content_type": 37}}, {"pk": 114, "model": "auth.permission", "fields": {"codename": "delete_globalpagepermission", "name": "Can delete Page global permission", "content_type": 37}}, {"pk": 115, "model": "auth.permission", "fields": {"codename": "add_pagepermission", "name": "Can add Page permission", "content_type": 38}}, {"pk": 116, "model": "auth.permission", "fields": {"codename": "change_pagepermission", "name": "Can change Page permission", "content_type": 38}}, {"pk": 117, "model": "auth.permission", "fields": {"codename": "delete_pagepermission", "name": "Can delete Page permission", "content_type": 38}}, {"pk": 118, "model": "auth.permission", "fields": {"codename": "add_pageuser", "name": "Can add User (page)", "content_type": 39}}, {"pk": 119, "model": "auth.permission", "fields": {"codename": "change_pageuser", "name": "Can change User (page)", "content_type": 39}}, {"pk": 120, "model": "auth.permission", "fields": {"codename": "delete_pageuser", "name": "Can delete User (page)", "content_type": 39}}, {"pk": 121, "model": "auth.permission", "fields": {"codename": "add_pageusergroup", "name": "Can add User group (page)", "content_type": 40}}, {"pk": 122, "model": "auth.permission", "fields": {"codename": "change_pageusergroup", "name": "Can change User group (page)", "content_type": 40}}, {"pk": 123, "model": "auth.permission", "fields": {"codename": "delete_pageusergroup", "name": "Can delete User group (page)", "content_type": 40}}, {"pk": 124, "model": "auth.permission", "fields": {"codename": "add_title", "name": "Can add title", "content_type": 41}}, {"pk": 125, "model": "auth.permission", "fields": {"codename": "change_title", "name": "Can change title", "content_type": 41}}, {"pk": 126, "model": "auth.permission", "fields": {"codename": "delete_title", "name": "Can delete title", "content_type": 41}}, {"pk": 127, "model": "auth.permission", "fields": {"codename": "add_placeholderreference", "name": "Can add placeholder reference", "content_type": 42}}, {"pk": 128, "model": "auth.permission", "fields": {"codename": "change_placeholderreference", "name": "Can change placeholder reference", "content_type": 42}}, {"pk": 129, "model": "auth.permission", "fields": {"codename": "delete_placeholderreference", "name": "Can delete placeholder reference", "content_type": 42}}, {"pk": 130, "model": "auth.permission", "fields": {"codename": "add_staticplaceholder", "name": "Can add static placeholder", "content_type": 43}}, {"pk": 131, "model": "auth.permission", "fields": {"codename": "change_staticplaceholder", "name": "Can change static placeholder", "content_type": 43}}, {"pk": 132, "model": "auth.permission", "fields": {"codename": "delete_staticplaceholder", "name": "Can delete static placeholder", "content_type": 43}}, {"pk": 133, "model": "auth.permission", "fields": {"codename": "add_aliaspluginmodel", "name": "Can add alias plugin model", "content_type": 44}}, {"pk": 134, "model": "auth.permission", "fields": {"codename": "change_aliaspluginmodel", "name": "Can change alias plugin model", "content_type": 44}}, {"pk": 135, "model": "auth.permission", "fields": {"codename": "delete_aliaspluginmodel", "name": "Can delete alias plugin model", "content_type": 44}}, {"pk": 136, "model": "auth.permission", "fields": {"codename": "add_text", "name": "Can add text", "content_type": 45}}, {"pk": 137, "model": "auth.permission", "fields": {"codename": "change_text", "name": "Can change text", "content_type": 45}}, {"pk": 138, "model": "auth.permission", "fields": {"codename": "delete_text", "name": "Can delete text", "content_type": 45}}, {"pk": 139, "model": "auth.permission", "fields": {"codename": "add_folder", "name": "Can add Folder", "content_type": 46}}, {"pk": 140, "model": "auth.permission", "fields": {"codename": "change_folder", "name": "Can change Folder", "content_type": 46}}, {"pk": 141, "model": "auth.permission", "fields": {"codename": "delete_folder", "name": "Can delete Folder", "content_type": 46}}, {"pk": 142, "model": "auth.permission", "fields": {"codename": "can_use_directory_listing", "name": "Can use directory listing", "content_type": 46}}, {"pk": 143, "model": "auth.permission", "fields": {"codename": "add_folderpermission", "name": "Can add folder permission", "content_type": 47}}, {"pk": 144, "model": "auth.permission", "fields": {"codename": "change_folderpermission", "name": "Can change folder permission", "content_type": 47}}, {"pk": 145, "model": "auth.permission", "fields": {"codename": "delete_folderpermission", "name": "Can delete folder permission", "content_type": 47}}, {"pk": 146, "model": "auth.permission", "fields": {"codename": "add_file", "name": "Can add file", "content_type": 48}}, {"pk": 147, "model": "auth.permission", "fields": {"codename": "change_file", "name": "Can change file", "content_type": 48}}, {"pk": 148, "model": "auth.permission", "fields": {"codename": "delete_file", "name": "Can delete file", "content_type": 48}}, {"pk": 149, "model": "auth.permission", "fields": {"codename": "add_clipboard", "name": "Can add clipboard", "content_type": 49}}, {"pk": 150, "model": "auth.permission", "fields": {"codename": "change_clipboard", "name": "Can change clipboard", "content_type": 49}}, {"pk": 151, "model": "auth.permission", "fields": {"codename": "delete_clipboard", "name": "Can delete clipboard", "content_type": 49}}, {"pk": 152, "model": "auth.permission", "fields": {"codename": "add_clipboarditem", "name": "Can add clipboard item", "content_type": 50}}, {"pk": 153, "model": "auth.permission", "fields": {"codename": "change_clipboarditem", "name": "Can change clipboard item", "content_type": 50}}, {"pk": 154, "model": "auth.permission", "fields": {"codename": "delete_clipboarditem", "name": "Can delete clipboard item", "content_type": 50}}, {"pk": 155, "model": "auth.permission", "fields": {"codename": "add_image", "name": "Can add image", "content_type": 51}}, {"pk": 156, "model": "auth.permission", "fields": {"codename": "change_image", "name": "Can change image", "content_type": 51}}, {"pk": 157, "model": "auth.permission", "fields": {"codename": "delete_image", "name": "Can delete image", "content_type": 51}}, {"pk": 158, "model": "auth.permission", "fields": {"codename": "add_source", "name": "Can add source", "content_type": 52}}, {"pk": 159, "model": "auth.permission", "fields": {"codename": "change_source", "name": "Can change source", "content_type": 52}}, {"pk": 160, "model": "auth.permission", "fields": {"codename": "delete_source", "name": "Can delete source", "content_type": 52}}, {"pk": 161, "model": "auth.permission", "fields": {"codename": "add_thumbnail", "name": "Can add thumbnail", "content_type": 53}}, {"pk": 162, "model": "auth.permission", "fields": {"codename": "change_thumbnail", "name": "Can change thumbnail", "content_type": 53}}, {"pk": 163, "model": "auth.permission", "fields": {"codename": "delete_thumbnail", "name": "Can delete thumbnail", "content_type": 53}}, {"pk": 164, "model": "auth.permission", "fields": {"codename": "add_thumbnaildimensions", "name": "Can add thumbnail dimensions", "content_type": 54}}, {"pk": 165, "model": "auth.permission", "fields": {"codename": "change_thumbnaildimensions", "name": "Can change thumbnail dimensions", "content_type": 54}}, {"pk": 166, "model": "auth.permission", "fields": {"codename": "delete_thumbnaildimensions", "name": "Can delete thumbnail dimensions", "content_type": 54}}, {"pk": 167, "model": "auth.permission", "fields": {"codename": "add_cachekey", "name": "Can add cache key", "content_type": 55}}, {"pk": 168, "model": "auth.permission", "fields": {"codename": "change_cachekey", "name": "Can change cache key", "content_type": 55}}, {"pk": 169, "model": "auth.permission", "fields": {"codename": "delete_cachekey", "name": "Can delete cache key", "content_type": 55}}, {"pk": 170, "model": "auth.permission", "fields": {"codename": "add_style", "name": "Can add style", "content_type": 56}}, {"pk": 171, "model": "auth.permission", "fields": {"codename": "change_style", "name": "Can change style", "content_type": 56}}, {"pk": 172, "model": "auth.permission", "fields": {"codename": "delete_style", "name": "Can delete style", "content_type": 56}}, {"pk": 173, "model": "auth.permission", "fields": {"codename": "add_multicolumns", "name": "Can add multi columns", "content_type": 57}}, {"pk": 174, "model": "auth.permission", "fields": {"codename": "change_multicolumns", "name": "Can change multi columns", "content_type": 57}}, {"pk": 175, "model": "auth.permission", "fields": {"codename": "delete_multicolumns", "name": "Can delete multi columns", "content_type": 57}}, {"pk": 176, "model": "auth.permission", "fields": {"codename": "add_column", "name": "Can add column", "content_type": 58}}, {"pk": 177, "model": "auth.permission", "fields": {"codename": "change_column", "name": "Can change column", "content_type": 58}}, {"pk": 178, "model": "auth.permission", "fields": {"codename": "delete_column", "name": "Can delete column", "content_type": 58}}, {"pk": 179, "model": "auth.permission", "fields": {"codename": "add_file", "name": "Can add file", "content_type": 59}}, {"pk": 180, "model": "auth.permission", "fields": {"codename": "change_file", "name": "Can change file", "content_type": 59}}, {"pk": 181, "model": "auth.permission", "fields": {"codename": "delete_file", "name": "Can delete file", "content_type": 59}}, {"pk": 182, "model": "auth.permission", "fields": {"codename": "add_flash", "name": "Can add flash", "content_type": 60}}, {"pk": 183, "model": "auth.permission", "fields": {"codename": "change_flash", "name": "Can change flash", "content_type": 60}}, {"pk": 184, "model": "auth.permission", "fields": {"codename": "delete_flash", "name": "Can delete flash", "content_type": 60}}, {"pk": 185, "model": "auth.permission", "fields": {"codename": "add_googlemap", "name": "Can add google map", "content_type": 61}}, {"pk": 186, "model": "auth.permission", "fields": {"codename": "change_googlemap", "name": "Can change google map", "content_type": 61}}, {"pk": 187, "model": "auth.permission", "fields": {"codename": "delete_googlemap", "name": "Can delete google map", "content_type": 61}}, {"pk": 188, "model": "auth.permission", "fields": {"codename": "add_inheritpageplaceholder", "name": "Can add inherit page placeholder", "content_type": 62}}, {"pk": 189, "model": "auth.permission", "fields": {"codename": "change_inheritpageplaceholder", "name": "Can change inherit page placeholder", "content_type": 62}}, {"pk": 190, "model": "auth.permission", "fields": {"codename": "delete_inheritpageplaceholder", "name": "Can delete inherit page placeholder", "content_type": 62}}, {"pk": 191, "model": "auth.permission", "fields": {"codename": "add_link", "name": "Can add link", "content_type": 63}}, {"pk": 192, "model": "auth.permission", "fields": {"codename": "change_link", "name": "Can change link", "content_type": 63}}, {"pk": 193, "model": "auth.permission", "fields": {"codename": "delete_link", "name": "Can delete link", "content_type": 63}}, {"pk": 194, "model": "auth.permission", "fields": {"codename": "add_picture", "name": "Can add picture", "content_type": 64}}, {"pk": 195, "model": "auth.permission", "fields": {"codename": "change_picture", "name": "Can change picture", "content_type": 64}}, {"pk": 196, "model": "auth.permission", "fields": {"codename": "delete_picture", "name": "Can delete picture", "content_type": 64}}, {"pk": 197, "model": "auth.permission", "fields": {"codename": "add_teaser", "name": "Can add teaser", "content_type": 65}}, {"pk": 198, "model": "auth.permission", "fields": {"codename": "change_teaser", "name": "Can change teaser", "content_type": 65}}, {"pk": 199, "model": "auth.permission", "fields": {"codename": "delete_teaser", "name": "Can delete teaser", "content_type": 65}}, {"pk": 200, "model": "auth.permission", "fields": {"codename": "add_video", "name": "Can add video", "content_type": 66}}, {"pk": 201, "model": "auth.permission", "fields": {"codename": "change_video", "name": "Can change video", "content_type": 66}}, {"pk": 202, "model": "auth.permission", "fields": {"codename": "delete_video", "name": "Can delete video", "content_type": 66}}, {"pk": 203, "model": "auth.permission", "fields": {"codename": "add_revision", "name": "Can add revision", "content_type": 67}}, {"pk": 204, "model": "auth.permission", "fields": {"codename": "change_revision", "name": "Can change revision", "content_type": 67}}, {"pk": 205, "model": "auth.permission", "fields": {"codename": "delete_revision", "name": "Can delete revision", "content_type": 67}}, {"pk": 206, "model": "auth.permission", "fields": {"codename": "add_version", "name": "Can add version", "content_type": 68}}, {"pk": 207, "model": "auth.permission", "fields": {"codename": "change_version", "name": "Can change version", "content_type": 68}}, {"pk": 208, "model": "auth.permission", "fields": {"codename": "delete_version", "name": "Can delete version", "content_type": 68}}, {"pk": 1, "model": "auth.user", "fields": {"username": "gus", "first_name": "", "last_name": "", "is_active": true, "is_superuser": true, "is_staff": true, "last_login": "2014-10-03T20:36:06.890Z", "groups": [], "user_permissions": [], "password": "pbkdf2_sha256$12000$cCdtb9qbmi3d$Esl1+acDwBsV06TN0vNpz/cXQGqmou/3l0EA8/DIhUw=", "email": "", "date_joined": "2014-10-01T01:22:17.881Z"}}, {"pk": 1, "model": "admin.logentry", "fields": {"action_flag": 1, "action_time": "2014-10-03T00:20:13.021Z", "object_repr": "Compostela", "object_id": "1", "change_message": "", "user": 1, "content_type": 9}}, {"pk": 2, "model": "admin.logentry", "fields": {"action_flag": 1, "action_time": "2014-10-03T00:20:20.778Z", "object_repr": "  Badajoz", "object_id": "1", "change_message": "", "user": 1, "content_type": 10}}, {"pk": 3, "model": "admin.logentry", "fields": {"action_flag": 1, "action_time": "2014-10-03T00:22:41.424Z", "object_repr": "Oficina: 6476574", "object_id": "1", "change_message": "", "user": 1, "content_type": 11}}, {"pk": 4, "model": "admin.logentry", "fields": {"action_flag": 1, "action_time": "2014-10-03T00:22:49.736Z", "object_repr": "Pedro Andrade Suarez", "object_id": "1", "change_message": "", "user": 1, "content_type": 13}}, {"pk": 5, "model": "admin.logentry", "fields": {"action_flag": 1, "action_time": "2014-10-03T00:23:29.248Z", "object_repr": "Artemia Desea Mucho", "object_id": "2", "change_message": "", "user": 1, "content_type": 13}}, {"pk": 6, "model": "admin.logentry", "fields": {"action_flag": 1, "action_time": "2014-10-03T00:24:47.238Z", "object_repr": "Casa: 7485876", "object_id": "2", "change_message": "", "user": 1, "content_type": 11}}, {"pk": 7, "model": "admin.logentry", "fields": {"action_flag": 1, "action_time": "2014-10-03T00:25:01.499Z", "object_repr": "Fe y Alegria", "object_id": "1", "change_message": "", "user": 1, "content_type": 20}}, {"pk": 8, "model": "admin.logentry", "fields": {"action_flag": 1, "action_time": "2014-10-03T02:35:10.440Z", "object_repr": "Oficina: 675676575", "object_id": "3", "change_message": "", "user": 1, "content_type": 11}}, {"pk": 9, "model": "admin.logentry", "fields": {"action_flag": 1, "action_time": "2014-10-03T02:35:58.807Z", "object_repr": "Pedro Marmol", "object_id": "3", "change_message": "", "user": 1, "content_type": 21}}, {"pk": 10, "model": "admin.logentry", "fields": {"action_flag": 1, "action_time": "2014-10-03T02:37:26.297Z", "object_repr": "Victoiria", "object_id": "1", "change_message": "", "user": 1, "content_type": 17}}, {"pk": 11, "model": "admin.logentry", "fields": {"action_flag": 1, "action_time": "2014-10-03T02:37:28.396Z", "object_repr": "AS32 3232 3232 3232 3223 3232", "object_id": "1", "change_message": "", "user": 1, "content_type": 18}}, {"pk": 12, "model": "admin.logentry", "fields": {"action_flag": 1, "action_time": "2014-10-03T02:37:30.957Z", "object_repr": "Tauro Escorpo Greta", "object_id": "4", "change_message": "", "user": 1, "content_type": 22}}, {"pk": 13, "model": "admin.logentry", "fields": {"action_flag": 1, "action_time": "2014-10-03T02:37:48.588Z", "object_repr": "Mario Laserna", "object_id": "5", "change_message": "", "user": 1, "content_type": 25}}, {"pk": 1, "model": "cms.usersettings", "fields": {"clipboard": 1, "user": 1, "language": "es-es"}}]