[{"pk": 1, "model": "ControlAsistencia.provincia", "fields": {"nombre": "A Coru\u00f1a"}}, {"pk": 2, "model": "ControlAsistencia.provincia", "fields": {"nombre": "Lugo"}}, {"pk": 3, "model": "ControlAsistencia.provincia", "fields": {"nombre": "Ourense"}}, {"pk": 4, "model": "ControlAsistencia.provincia", "fields": {"nombre": "Pontevedra"}}, {"pk": 1, "model": "ControlAsistencia.comunidadautonoma", "fields": {"nombre": "Galicia"}}, {"pk": 1, "model": "ControlAsistencia.direccion", "fields": {"piso": "1", "casa": "c", "comunidad": 1, "calle1": "Rep\u00fablica ", "calle2": "Checa", "ciudad": "Ferrol", "numero": "25", "edificio": "b", "departamento": "a", "pais": "ES", "codigoPostal": "15403", "provincia": 1}}, {"pk": 2, "model": "ControlAsistencia.direccion", "fields": {"piso": "0", "casa": "0", "comunidad": 1, "calle1": "Avenida de Vigo", "calle2": "", "ciudad": "Ferrol", "numero": "s/n", "edificio": "0", "departamento": "0", "pais": "ES", "codigoPostal": "15403", "provincia": 1}}, {"pk": 1, "model": "ControlAsistencia.telefono", "fields": {"tipo": "Movil", "numero": "605605605"}}, {"pk": 2, "model": "ControlAsistencia.telefono", "fields": {"tipo": "Movil", "numero": "666666666"}}, {"pk": 3, "model": "ControlAsistencia.telefono", "fields": {"tipo": "Oficina", "numero": "981189981"}}, {"pk": 1, "model": "ControlAsistencia.persona", "fields": {"foto": "fotos/Nino1.jpg", "nacionalidad": "ES", "apellido": "Prueba1", "dni": "76700700", "direccion": 1, "apellido2": "Prueba1", "nombre": "Estudiante Prueba1", "sexo": "Masculino", "telefono": 1, "email": "estudiante1@gmail.com"}}, {"pk": 2, "model": "ControlAsistencia.persona", "fields": {"foto": "fotos/Nino1_kxINSiY.jpg", "nacionalidad": "ES", "apellido": "Responsable1", "dni": "0", "direccion": 1, "apellido2": "Responsable1", "nombre": "Responsable 1", "sexo": "Masculino", "telefono": 2, "email": "responsable1@gmail.com"}}, {"pk": 3, "model": "ControlAsistencia.persona", "fields": {"foto": "fotos/Nino1_8jMrCy9.jpg", "nacionalidad": "ES", "apellido": "jjj", "dni": "0", "direccion": 1, "apellido2": "jjj", "nombre": "jjj", "sexo": "Masculino", "telefono": 1, "email": "000@gmail.com"}}, {"pk": 4, "model": "ControlAsistencia.persona", "fields": {"foto": "fotos/Nino1_K0LNEfD.jpg", "nacionalidad": "ES", "apellido": "Encargado2", "dni": "78000000", "direccion": 1, "apellido2": "Encargado2", "nombre": "Encargado2", "sexo": "Femenino", "telefono": 2, "email": "encargado2@gmail.com"}}, {"pk": 5, "model": "ControlAsistencia.persona", "fields": {"foto": "fotos/Nino1_Nv5wSJ3.jpg", "nacionalidad": "ES", "apellido": "Tutor1", "dni": "78000000", "direccion": 1, "apellido2": "Tutor1", "nombre": "Tutor Prueba1", "sexo": "Femenino", "telefono": 1, "email": "tutor1@gmail.com"}}, {"pk": 6, "model": "ControlAsistencia.persona", "fields": {"foto": "fotos/Nino1_e5p1r4W.jpg", "nacionalidad": "ES", "apellido": "Pagador1", "dni": "79000000", "direccion": 1, "apellido2": "Pagador1", "nombre": "Pagador1", "sexo": "Femenino", "telefono": 1, "email": "pagador1@gmail.com"}}, {"pk": 7, "model": "ControlAsistencia.persona", "fields": {"foto": "fotos/Nino1_uJV50ax.jpg", "nacionalidad": "ES", "apellido": "Estudiante2", "dni": "80000000", "direccion": 2, "apellido2": "Estudiante2", "nombre": "Estudiante2", "sexo": "Femenino", "telefono": 2, "email": "estudiante2@gmail.com"}}, {"pk": 8, "model": "ControlAsistencia.persona", "fields": {"foto": "fotos/Nino1_HYf1Zln.jpg", "nacionalidad": "ES", "apellido": "Estudiante3", "dni": "90000000", "direccion": 2, "apellido2": "Estudiante3", "nombre": "Estudiante3", "sexo": "Masculino", "telefono": 2, "email": "estudiante3@gmail.com"}}, {"pk": 9, "model": "ControlAsistencia.persona", "fields": {"foto": "fotos/Nino1_OqO5V5D.jpg", "nacionalidad": "ES", "apellido": "Tutor4", "dni": "50000000", "direccion": 1, "apellido2": "Tutor4", "nombre": "Tutor4", "sexo": "Masculino", "telefono": 2, "email": "tutor4@gmail.com"}}, {"pk": 10, "model": "ControlAsistencia.persona", "fields": {"foto": "fotos/Nino1_KN808IT.jpg", "nacionalidad": "ES", "apellido": "Pagador2", "dni": "74000000", "direccion": 2, "apellido2": "Pagador2", "nombre": "Pagador2", "sexo": "Femenino", "telefono": 2, "email": "pagador2@gmail.com"}}, {"pk": 2, "model": "ControlAsistencia.contacto", "fields": {}}, {"pk": 3, "model": "ControlAsistencia.contacto", "fields": {}}, {"pk": 4, "model": "ControlAsistencia.contacto", "fields": {}}, {"pk": 1, "model": "ControlAsistencia.banco", "fields": {"fp": "0", "telefono": 2, "codigoOficina": "0", "bic": "0", "iban": "0", "nombre": "Banco Popular", "codigo": "0", "dc2": "0", "dc1": "0"}}, {"pk": 2, "model": "ControlAsistencia.banco", "fields": {"fp": "0", "telefono": 1, "codigoOficina": "0", "bic": "0", "iban": "0", "nombre": "Banco Santander", "codigo": "0", "dc2": "0", "dc1": "0"}}, {"pk": 1, "model": "ControlAsistencia.cuentabanco", "fields": {"banco": 1, "numero": "FG55 1111 2222 3333 4444 5555"}}, {"pk": 2, "model": "ControlAsistencia.cuentabanco", "fields": {"banco": 2, "numero": "AB05 4444 3333 2222 1111 0000"}}, {"pk": 6, "model": "ControlAsistencia.pagador", "fields": {"cuenta": 1}}, {"pk": 10, "model": "ControlAsistencia.pagador", "fields": {"cuenta": 2}}, {"pk": 1, "model": "ControlAsistencia.beca", "fields": {"monto": "1", "nombre": "Concello Desayuno"}}, {"pk": 2, "model": "ControlAsistencia.beca", "fields": {"monto": "1.5", "nombre": "Concello Comida"}}, {"pk": 3, "model": "ControlAsistencia.beca", "fields": {"monto": "1.1", "nombre": "Comida Xunta"}}, {"pk": 4, "model": "ControlAsistencia.beca", "fields": {"monto": "0.9", "nombre": "Desayuno Xunta"}}, {"pk": 1, "model": "ControlAsistencia.centro", "fields": {"fax": "981981981", "beca": [1, 4], "precioDesayuno": "2.5", "telefono": 1, "direccion": 2, "director": "Antonio Fern\u00e1ndez", "responsable": 2, "precioComida": "5", "expediente": "555", "nombre": "CEIP de Esteiro", "codigo": "15024938", "montoBeca": "1.2", "email": "xxx@gmail.com", "lote": "12", "encargado": 3}}, {"pk": 2, "model": "ControlAsistencia.centro", "fields": {"fax": "981000000", "beca": [2, 3], "precioDesayuno": "2.5", "telefono": 3, "direccion": 2, "director": "Manuel Rodr\u00edguez", "responsable": 2, "precioComida": "5", "expediente": "65464", "nombre": "CEIP Cruceiro de Canido", "codigo": "15006663", "montoBeca": "1", "email": "000@gmail.com", "lote": "12", "encargado": 4}}, {"pk": 1, "model": "ControlAsistencia.tutor", "fields": {"persona": 5}}, {"pk": 2, "model": "ControlAsistencia.tutor", "fields": {"persona": 9}}, {"pk": 1, "model": "ControlAsistencia.etapa", "fields": {"nombre": "Primaria"}}, {"pk": 3, "model": "ControlAsistencia.etapa", "fields": {"nombre": "Educaci\u00f3n Infantil"}}, {"pk": 4, "model": "ControlAsistencia.etapa", "fields": {"nombre": "Secundaria"}}, {"pk": 1, "model": "ControlAsistencia.curso", "fields": {"nombre": "Primer Ciclo de Infantil", "etapa": 3, "nivel": 1}}, {"pk": 2, "model": "ControlAsistencia.curso", "fields": {"nombre": "Segundo Ciclo de Infantil", "etapa": 3, "nivel": 2}}, {"pk": 3, "model": "ControlAsistencia.curso", "fields": {"nombre": "1\u00ba de Primaria", "etapa": 1, "nivel": 3}}, {"pk": 4, "model": "ControlAsistencia.curso", "fields": {"nombre": "2\u00ba de Primaria", "etapa": 1, "nivel": 4}}, {"pk": 5, "model": "ControlAsistencia.curso", "fields": {"nombre": "3\u00ba de Primaria", "etapa": 1, "nivel": 5}}, {"pk": 6, "model": "ControlAsistencia.curso", "fields": {"nombre": "4\u00ba de Primaria", "etapa": 1, "nivel": 6}}, {"pk": 7, "model": "ControlAsistencia.curso", "fields": {"nombre": "5\u00ba de Primaria", "etapa": 1, "nivel": 7}}, {"pk": 8, "model": "ControlAsistencia.curso", "fields": {"nombre": "6\u00ba de Primaria", "etapa": 1, "nivel": 8}}, {"pk": 9, "model": "ControlAsistencia.curso", "fields": {"nombre": "1\u00ba de ESO", "etapa": 4, "nivel": 9}}, {"pk": 10, "model": "ControlAsistencia.curso", "fields": {"nombre": "2\u00ba de ESO", "etapa": 4, "nivel": 10}}, {"pk": 11, "model": "ControlAsistencia.curso", "fields": {"nombre": "3\u00ba de ESO", "etapa": 4, "nivel": 11}}, {"pk": 12, "model": "ControlAsistencia.curso", "fields": {"nombre": "4\u00ba de ESO", "etapa": 4, "nivel": 12}}, {"pk": 1, "model": "ControlAsistencia.estudiante", "fields": {"nutricion": "Alergia al marisco", "persona": 1, "curso": 4, "centro": 1, "tutor": 1, "pagador": 6, "dieta": "Especial", "nacimiento": "1992-10-21"}}, {"pk": 2, "model": "ControlAsistencia.estudiante", "fields": {"nutricion": "Intolerante a la lactosa", "persona": 7, "curso": 3, "centro": 1, "tutor": 1, "pagador": 10, "dieta": "Especial", "nacimiento": "1990-06-22"}}, {"pk": 3, "model": "ControlAsistencia.estudiante", "fields": {"nutricion": "Alergia a las fresas", "persona": 8, "curso": 9, "centro": 2, "tutor": 2, "pagador": 10, "dieta": "Especial", "nacimiento": "1995-11-12"}}, {"pk": 1, "model": "ControlAsistencia.documento", "fields": {"descripcion": "ficha de alumnos", "nombre": "Factura Septiembre", "fecha": "2014-09-19T14:09:08.167Z", "persona": 1, "archivo": "documentos/ficha_alumnos2.odt"}}, {"pk": 1, "model": "ControlAsistencia.becado", "fields": {"monto": "1", "beca": 1, "final": "2014-09-30", "estudiante": 1}}, {"pk": 2, "model": "ControlAsistencia.becado", "fields": {"monto": "1.1", "beca": 3, "final": "2014-09-30", "estudiante": 2}}, {"pk": 1, "model": "ControlAsistencia.becacentro", "fields": {"monto": "1.1", "beca": 3, "centro": 1}}, {"pk": 2, "model": "ControlAsistencia.becacentro", "fields": {"monto": "0.9", "beca": 4, "centro": 1}}, {"pk": 3, "model": "ControlAsistencia.becacentro", "fields": {"monto": "1", "beca": 1, "centro": 1}}, {"pk": 4, "model": "ControlAsistencia.becacentro", "fields": {"monto": "1.5", "beca": 2, "centro": 1}}, {"pk": 1, "model": "ControlAsistencia.planasistencia", "fields": {"lunes": true, "sabado": false, "domingo": false, "fechaInicio": "2014-09-19T13:48:22.806Z", "miercoles": true, "jueves": false, "estudiante": 1, "martes": false, "viernes": true}}, {"pk": 2, "model": "ControlAsistencia.planasistencia", "fields": {"lunes": false, "sabado": false, "domingo": false, "fechaInicio": "2014-09-19T13:52:45.514Z", "miercoles": false, "jueves": true, "estudiante": 2, "martes": true, "viernes": false}}, {"pk": 3, "model": "ControlAsistencia.planasistencia", "fields": {"lunes": true, "sabado": true, "domingo": true, "fechaInicio": "2014-09-19T14:01:07.215Z", "miercoles": true, "jueves": true, "estudiante": 3, "martes": true, "viernes": true}}]